year_month,year,month,date,region,area_code,average_price,house_price_index,sales_volume,detached_price,semi_detached_price,terraced_price,flat_price,cash_price,mortgage_price,bank_rate,economic_activity_rate,employment_rate,unemployment_rate
2015-01,2015,1,2015-01-01,East,E12000006,225847,66.3,7134.0,347142.0,226476.0,187993.0,145959.0,221684.0,227208.0,0.5,80.7,76.6,5.1
2015-02,2015,2,2015-02-01,East,E12000006,226943,66.6,7239.0,348986.0,226918.0,188802.0,147303.0,223184.0,228105.0,0.5,80.6,76.5,5
2015-03,2015,3,2015-03-01,East,E12000006,227055,66.7,7935.0,350068.0,227848.0,188325.0,146715.0,223158.0,228284.0,0.5,80.5,76.8,4.6
2015-04,2015,4,2015-04-01,East,E12000006,229445,67.4,7609.0,351886.0,229623.0,191804.0,148208.0,224813.0,231021.0,0.5,80.5,76.9,4.5
2015-05,2015,5,2015-05-01,East,E12000006,232551,68.3,8755.0,355779.0,233438.0,193943.0,150765.0,228081.0,234040.0,0.5,80.4,76.5,4.8
2015-06,2015,6,2015-06-01,East,E12000006,233631,68.6,9915.0,356422.0,234736.0,196071.0,150393.0,228784.0,235299.0,0.5,80.8,76.8,4.9
2015-07,2015,7,2015-07-01,East,E12000006,239245,70.2,11447.0,366440.0,240389.0,199794.0,154243.0,234359.0,240915.0,0.5,81,77,4.9
2015-08,2015,8,2015-08-01,East,E12000006,241945,71.0,10468.0,370387.0,243059.0,202414.0,155686.0,236569.0,243846.0,0.5,81,77.4,4.4
2015-09,2015,9,2015-09-01,East,E12000006,244652,71.8,9870.0,377475.0,244845.0,203625.0,157589.0,240034.0,246177.0,0.5,81.1,77.7,4.1
2015-10,2015,10,2015-10-01,East,E12000006,245823,72.2,11188.0,377074.0,246997.0,205369.0,157988.0,240347.0,247761.0,0.5,81.3,78.1,4
2015-11,2015,11,2015-11-01,East,E12000006,249124,73.1,9796.0,381915.0,250546.0,207737.0,160551.0,243347.0,251198.0,0.5,81,77.9,3.8
2015-12,2015,12,2015-12-01,East,E12000006,250225,73.5,10283.0,383522.0,251298.0,208789.0,161474.0,244231.0,252401.0,0.5,81.2,78,3.9
2016-01,2016,1,2016-01-01,East,E12000006,252519,74.1,7539.0,385586.0,255055.0,210179.0,163315.0,246060.0,254915.0,0.5,81,78,3.6
2016-02,2016,2,2016-02-01,East,E12000006,252732,74.2,8413.0,386351.0,254368.0,210651.0,163594.0,246508.0,255013.0,0.5,80.9,77.9,3.6
2016-03,2016,3,2016-03-01,East,E12000006,256923,75.4,14500.0,394737.0,257253.0,213650.0,166795.0,251290.0,258904.0,0.5,80.6,77.4,4
2016-04,2016,4,2016-04-01,East,E12000006,256970,75.4,6391.0,389859.0,258246.0,215710.0,166836.0,249901.0,259650.0,0.5,80.7,77.6,3.9
2016-05,2016,5,2016-05-01,East,E12000006,261564,76.8,7417.0,393802.0,262391.0,219302.0,172812.0,254426.0,264264.0,0.5,80.8,77.7,3.8
2016-06,2016,6,2016-06-01,East,E12000006,264489,77.6,9223.0,403263.0,264684.0,220840.0,172879.0,257835.0,266944.0,0.5,80.8,78,3.6
2016-07,2016,7,2016-07-01,East,E12000006,267798,78.6,9609.0,406127.0,268991.0,224360.0,174682.0,260204.0,270703.0,0.5,80.8,78.1,3.4
2016-08,2016,8,2016-08-01,East,E12000006,268266,78.8,9912.0,407624.0,269248.0,224240.0,175290.0,261564.0,270733.0,0.5,80.9,77.6,4.1
2016-09,2016,9,2016-09-01,East,E12000006,270191,79.3,9296.0,412677.0,271566.0,224820.0,176007.0,263061.0,272862.0,0.25,80.8,77.3,4.4
2016-10,2016,10,2016-10-01,East,E12000006,269689,79.2,8682.0,413421.0,271141.0,223056.0,176296.0,262796.0,272245.0,0.25,80.5,76.8,4.7
2016-11,2016,11,2016-11-01,East,E12000006,270473,79.4,9108.0,415082.0,271338.0,223630.0,177140.0,263951.0,272847.0,0.25,80.4,76.6,4.7
2016-12,2016,12,2016-12-01,East,E12000006,273009,80.1,9314.0,418679.0,273352.0,226100.0,179019.0,266407.0,275414.0,0.25,80.3,76.7,4.5
2017-01,2017,1,2017-01-01,East,E12000006,272123,79.9,7026.0,417475.0,273478.0,225167.0,177633.0,265082.0,274744.0,0.25,80.2,76.6,4.5
2017-02,2017,2,2017-02-01,East,E12000006,274329,80.5,7400.0,418882.0,273750.0,226654.0,182525.0,268125.0,276570.0,0.25,80.6,77,4.4
2017-03,2017,3,2017-03-01,East,E12000006,272504,80.0,8881.0,418137.0,273026.0,224736.0,179479.0,266125.0,274828.0,0.25,80.8,77.5,4
2017-04,2017,4,2017-04-01,East,E12000006,276523,81.2,7485.0,423574.0,276798.0,228647.0,182107.0,270101.0,278858.0,0.25,80.8,77.3,4.2
2017-05,2017,5,2017-05-01,East,E12000006,279053,81.9,8221.0,424101.0,280479.0,230026.0,185810.0,272687.0,281358.0,0.25,80.8,77.4,4.2
2017-06,2017,6,2017-06-01,East,E12000006,280366,82.3,9878.0,427269.0,281000.0,232004.0,185535.0,273974.0,282679.0,0.25,80.7,77.3,4.3
2017-07,2017,7,2017-07-01,East,E12000006,284682,83.6,8986.0,433983.0,286102.0,235232.0,188019.0,278302.0,286982.0,0.25,80.9,77.8,3.9
2017-08,2017,8,2017-08-01,East,E12000006,284475,83.5,10124.0,433386.0,285322.0,236352.0,187022.0,277919.0,286854.0,0.25,80.9,77.7,4
2017-09,2017,9,2017-09-01,East,E12000006,285274,83.7,9298.0,437931.0,286298.0,235930.0,186532.0,279245.0,287416.0,0.25,80.8,77.9,3.6
2017-10,2017,10,2017-10-01,East,E12000006,285404,83.8,9203.0,439125.0,287907.0,235565.0,185233.0,279128.0,287655.0,0.25,81,78,3.7
2017-11,2017,11,2017-11-01,East,E12000006,284088,83.4,9100.0,434911.0,286084.0,234770.0,185877.0,277838.0,286330.0,0.25,81.7,78.6,3.8
2017-12,2017,12,2017-12-01,East,E12000006,285947,83.9,8965.0,437817.0,287460.0,237069.0,186584.0,279441.0,288301.0,0.5,81.6,78.1,4.3
2018-01,2018,1,2018-01-01,East,E12000006,285873,83.9,6952.0,438286.0,288628.0,235914.0,186366.0,279163.0,288318.0,0.5,81.3,77.8,4.3
2018-02,2018,2,2018-02-01,East,E12000006,285219,83.7,6994.0,438887.0,286967.0,235650.0,185450.0,278753.0,287555.0,0.5,81,77.9,3.8
2018-03,2018,3,2018-03-01,East,E12000006,283450,83.2,8068.0,435245.0,285927.0,234998.0,183283.0,276645.0,285944.0,0.5,81.4,78.3,3.8
2018-04,2018,4,2018-04-01,East,E12000006,284595,83.5,6977.0,436287.0,287713.0,236614.0,183143.0,277890.0,287041.0,0.5,81.5,78.5,3.6
2018-05,2018,5,2018-05-01,East,E12000006,285156,83.7,8271.0,438860.0,288445.0,236657.0,182627.0,278674.0,287500.0,0.5,81.5,78.6,3.5
2018-06,2018,6,2018-06-01,East,E12000006,286389,84.1,8894.0,439596.0,290095.0,237027.0,184606.0,280122.0,288633.0,0.5,81.3,78.6,3.3
2018-07,2018,7,2018-07-01,East,E12000006,290809,85.4,8584.0,448997.0,294003.0,240843.0,185983.0,284619.0,293010.0,0.5,81,78.5,3.1
2018-08,2018,8,2018-08-01,East,E12000006,290907,85.4,10245.0,447589.0,294136.0,241822.0,186062.0,284562.0,293177.0,0.5,80.9,78.5,3
2018-09,2018,9,2018-09-01,East,E12000006,289461,85.0,8082.0,447001.0,293156.0,239750.0,184539.0,283403.0,291606.0,0.75,80.9,78.4,3.1
2018-10,2018,10,2018-10-01,East,E12000006,289927,85.1,8929.0,447945.0,293218.0,239636.0,185654.0,283843.0,292083.0,0.75,80.7,78.3,2.9
2018-11,2018,11,2018-11-01,East,E12000006,290306,85.2,9572.0,449971.0,294100.0,240151.0,184185.0,284528.0,292323.0,0.75,81.2,78.7,3.1
2018-12,2018,12,2018-12-01,East,E12000006,287775,84.5,8146.0,442998.0,291745.0,237683.0,184939.0,281959.0,289815.0,0.75,81.3,79,2.9
2019-01,2019,1,2019-01-01,East,E12000006,285588,83.8,6373.0,444532.0,289580.0,235308.0,180740.0,279897.0,287575.0,0.75,81.9,79.3,3.2
2019-02,2019,2,2019-02-01,East,E12000006,286748,84.2,6757.0,444066.0,290172.0,236960.0,182879.0,280513.0,288950.0,0.75,81.8,79.2,3.2
2019-03,2019,3,2019-03-01,East,E12000006,283751,83.3,7531.0,437795.0,288083.0,235241.0,180262.0,276521.0,286353.0,0.75,81.8,79.4,3
2019-04,2019,4,2019-04-01,East,E12000006,284922,83.6,7114.0,439079.0,289341.0,236896.0,180493.0,277890.0,287444.0,0.75,81.7,79.2,3.1
2019-05,2019,5,2019-05-01,East,E12000006,285640,83.9,7663.0,440755.0,289979.0,237666.0,180418.0,279845.0,287668.0,0.75,81.2,78.9,2.9
2019-06,2019,6,2019-06-01,East,E12000006,285274,83.7,8059.0,440108.0,289398.0,237049.0,180839.0,279671.0,287227.0,0.75,81.6,79.2,3
2019-07,2019,7,2019-07-01,East,E12000006,288264,84.6,9064.0,444034.0,292190.0,239705.0,183275.0,281488.0,290680.0,0.75,81.7,79.2,3.1
2019-08,2019,8,2019-08-01,East,E12000006,287428,84.4,9232.0,444433.0,291412.0,239928.0,180352.0,280881.0,289753.0,0.75,81.3,78.6,3.4
2019-09,2019,9,2019-09-01,East,E12000006,288709,84.8,8319.0,444786.0,291493.0,241074.0,183495.0,282822.0,290771.0,0.75,80.8,78.1,3.3
2019-10,2019,10,2019-10-01,East,E12000006,287808,84.5,8897.0,443480.0,293506.0,239169.0,181246.0,281668.0,289972.0,0.75,80.6,78,3.2
2019-11,2019,11,2019-11-01,East,E12000006,285806,83.9,8915.0,443417.0,291243.0,237125.0,178494.0,280258.0,287737.0,0.75,81.1,78.4,3.3
2019-12,2019,12,2019-12-01,East,E12000006,287478,84.4,8367.0,443996.0,292028.0,239519.0,180715.0,281735.0,289484.0,0.75,81.2,78.5,3.3
2020-01,2020,1,2020-01-01,East,E12000006,285803,83.9,6661.0,440900.0,291396.0,238156.0,178908.0,278289.0,288517.0,0.75,81.1,78.2,3.6
2020-02,2020,2,2020-02-01,East,E12000006,285943,83.9,6770.0,443729.0,291022.0,238226.0,177559.0,279465.0,288272.0,0.75,81.2,78.2,3.8
2020-03,2020,3,2020-03-01,East,E12000006,285012,83.7,6953.0,441610.0,289602.0,236923.0,178686.0,278958.0,287185.0,0.75,80.8,77.6,4.1
2020-04,2020,4,2020-04-01,East,E12000006,287501,84.4,2938.0,446619.0,292830.0,240198.0,177083.0,279517.0,290389.0,0.1,80.8,77.6,3.9
2020-05,2020,5,2020-05-01,East,E12000006,287030,84.3,3600.0,445145.0,293014.0,237789.0,179152.0,279932.0,289588.0,0.1,80.9,77.9,3.7
2020-06,2020,6,2020-06-01,East,E12000006,288667,84.7,5756.0,444748.0,294720.0,241687.0,179289.0,282031.0,291054.0,0.1,80.5,77.3,4
2020-07,2020,7,2020-07-01,East,E12000006,289067,84.9,6316.0,447616.0,294327.0,241628.0,179123.0,282511.0,291424.0,0.1,80.6,77.3,4.1
2020-08,2020,8,2020-08-01,East,E12000006,292992,86.0,6573.0,456823.0,299652.0,244339.0,178407.0,286011.0,295506.0,0.1,80.4,76.8,4.5
2020-09,2020,9,2020-09-01,East,E12000006,296829,87.1,7394.0,463490.0,302544.0,247751.0,181061.0,290782.0,298996.0,0.1,80.9,77.1,4.7
2020-10,2020,10,2020-10-01,East,E12000006,295661,86.8,9269.0,461600.0,300815.0,247458.0,180147.0,290443.0,297523.0,0.1,80.7,76.6,5.1
2020-11,2020,11,2020-11-01,East,E12000006,296868,87.1,9596.0,462789.0,302072.0,248734.0,181062.0,291216.0,298889.0,0.1,80.4,76.4,5.1
2020-12,2020,12,2020-12-01,East,E12000006,300749,88.3,10565.0,468697.0,305732.0,252480.0,183250.0,295053.0,302786.0,0.1,80.5,76.7,4.7
2021-01,2021,1,2021-01-01,East,E12000006,298036,87.5,9078.0,458136.0,303430.0,250472.0,185704.0,292159.0,300140.0,0.1,80.4,76.9,4.3
2021-02,2021,2,2021-02-01,East,E12000006,299321,87.9,11650.0,459339.0,303860.0,252262.0,187322.0,294076.0,301207.0,0.1,80.4,77.3,3.9
2021-03,2021,3,2021-03-01,East,E12000006,301495,88.5,16866.0,462140.0,305454.0,254549.0,189307.0,295877.0,303511.0,0.1,80.6,77.5,3.9
2021-04,2021,4,2021-04-01,East,E12000006,298764,87.7,10416.0,459667.0,302714.0,251508.0,187000.0,292830.0,300888.0,0.1,80.6,77.6,3.8
2021-05,2021,5,2021-05-01,East,E12000006,299192,87.8,8704.0,459958.0,303670.0,252062.0,186701.0,293199.0,301336.0,0.1,80.8,77.8,3.7
2021-06,2021,6,2021-06-01,East,E12000006,312775,91.8,21732.0,477319.0,315795.0,267119.0,195600.0,308297.0,314401.0,0.1,81.2,78.2,3.7
2021-07,2021,7,2021-07-01,East,E12000006,299492,87.9,5417.0,460101.0,305511.0,250796.0,187331.0,292354.0,302035.0,0.1,81.4,78.4,3.7
2021-08,2021,8,2021-08-01,East,E12000006,309904,91.0,8258.0,480200.0,316575.0,259783.0,189342.0,302941.0,312388.0,0.1,81.9,78.8,3.8
2021-09,2021,9,2021-09-01,East,E12000006,316815,93.0,15648.0,486741.0,321955.0,268269.0,195702.0,311757.0,318641.0,0.1,81.6,78.6,3.7
2021-10,2021,10,2021-10-01,East,E12000006,312253,91.7,6112.0,490953.0,317596.0,259540.0,189198.0,306792.0,314216.0,0.1,81.5,78.6,3.5
2021-11,2021,11,2021-11-01,East,E12000006,319183,93.7,7956.0,499579.0,325918.0,265890.0,193058.0,313732.0,321145.0,0.1,81.6,79,3.2
2021-12,2021,12,2021-12-01,East,E12000006,319855,93.9,9220.0,498519.0,324942.0,269217.0,193635.0,315606.0,321403.0,0.1,81.5,78.8,3.2
2022-01,2022,1,2022-01-01,East,E12000006,322537,94.7,6957.0,504856.0,329948.0,269625.0,193141.0,317427.0,324382.0,0.25,81.2,78.6,3.2
2022-02,2022,2,2022-02-01,East,E12000006,326141,95.7,7972.0,507223.0,333185.0,272822.0,199127.0,320270.0,328270.0,0.25,80.8,78.2,3.2
2022-03,2022,3,2022-03-01,East,E12000006,325283,95.5,9080.0,507718.0,332608.0,272303.0,195917.0,319456.0,327395.0,0.5,80.2,77.5,3.3
2022-04,2022,4,2022-04-01,East,E12000006,328825,96.5,8236.0,511064.0,335492.0,277332.0,198216.0,322998.0,330937.0,0.75,80.4,77.6,3.5
2022-05,2022,5,2022-05-01,East,E12000006,332450,97.6,8214.0,516610.0,340254.0,280089.0,199482.0,326649.0,334551.0,0.75,80.8,78.2,3.3
2022-06,2022,6,2022-06-01,East,E12000006,335070,98.4,8807.0,519578.0,342029.0,282976.0,202445.0,328773.0,337356.0,1.0,80.9,78.4,3.1
2022-07,2022,7,2022-07-01,East,E12000006,340723,100.0,9239.0,529857.0,349441.0,287821.0,201896.0,335070.0,342768.0,1.25,80.9,78.5,3
2022-08,2022,8,2022-08-01,East,E12000006,344145,101.0,9804.0,535078.0,352381.0,291333.0,203866.0,337652.0,346503.0,1.25,81.2,78.7,3.1
2022-09,2022,9,2022-09-01,East,E12000006,344762,101.2,9817.0,537123.0,352772.0,291444.0,204040.0,338963.0,346860.0,1.75,81.2,78.6,3.3
2022-10,2022,10,2022-10-01,East,E12000006,344144,101.0,9129.0,536181.0,352091.0,290476.0,204392.0,337976.0,346380.0,2.25,81.2,78.6,3.2
2022-11,2022,11,2022-11-01,East,E12000006,345454,101.4,9465.0,539330.0,353585.0,291289.0,204249.0,339515.0,347605.0,2.25,80.6,77.4,3.9
2022-12,2022,12,2022-12-01,East,E12000006,342442,100.5,8945.0,532789.0,350240.0,289294.0,203922.0,336537.0,344580.0,3.0,80.8,77.6,4
2023-01,2023,1,2023-01-01,East,E12000006,340655,100.0,6064.0,532529.0,350196.0,285976.0,200539.0,334168.0,343011.0,3.5,81.1,77.7,4.2
2023-02,2023,2,2023-02-01,East,E12000006,340888,100.1,5773.0,534089.0,348521.0,286106.0,201791.0,333795.0,343468.0,3.5,81.4,77.9,4.3
2023-03,2023,3,2023-03-01,East,E12000006,335589,98.5,6562.0,527028.0,344421.0,279306.0,199277.0,328977.0,337992.0,4.0,81.4,77.9,4.3
2023-04,2023,4,2023-04-01,East,E12000006,331572,97.3,4895.0,520195.0,341033.0,276772.0,195612.0,324637.0,334094.0,4.25,81.5,77.9,4.4
2023-05,2023,5,2023-05-01,East,E12000006,330394,97.0,5147.0,515740.0,338179.0,277118.0,196654.0,324735.0,332447.0,4.25,81,77.4,4.5
2023-06,2023,6,2023-06-01,East,E12000006,332033,97.5,6491.0,518650.0,339482.0,279916.0,196144.0,326218.0,334143.0,4.5,81.5,77.8,4.5
2023-07,2023,7,2023-07-01,East,E12000006,336474,98.8,5971.0,527281.0,346424.0,282403.0,196831.0,330235.0,338740.0,5.0,80.3,76.7,4.5
2023-08,2023,8,2023-08-01,East,E12000006,335770,98.6,6691.0,524354.0,344463.0,284167.0,196116.0,329108.0,338191.0,5.0,79.4,76.3,4
2023-09,2023,9,2023-09-01,East,E12000006,334941,98.3,6596.0,522118.0,343273.0,282900.0,197186.0,328613.0,337239.0,5.25,79.7,76.6,4
2023-10,2023,10,2023-10-01,East,E12000006,331860,97.4,6387.0,516899.0,340844.0,279186.0,196205.0,325880.0,334031.0,5.25,79.9,76.7,4
2023-11,2023,11,2023-11-01,East,E12000006,329462,96.7,6419.0,514800.0,338440.0,276165.0,194806.0,322926.0,331838.0,5.25,79.6,76.6,3.8
2023-12,2023,12,2023-12-01,East,E12000006,326075,95.7,5987.0,507088.0,334179.0,274534.0,193752.0,319359.0,328518.0,5.25,79.2,76.4,3.6
2024-01,2024,1,2024-01-01,East,E12000006,328802,96.5,4783.0,512746.0,337347.0,277339.0,193523.0,322303.0,331164.0,5.25,79.4,76.2,4.1
2024-02,2024,2,2024-02-01,East,E12000006,324976,95.4,5437.0,503471.0,334464.0,274763.0,191784.0,318177.0,327475.0,5.25,79.2,76.3,3.6
2024-03,2024,3,2024-03-01,East,E12000006,322950,94.8,6395.0,500874.0,330550.0,272250.0,193038.0,316497.0,325300.0,5.25,79.3,76.1,4
2024-04,2024,4,2024-04-01,East,E12000006,325736,95.6,5540.0,502039.0,334147.0,275853.0,194736.0,318231.0,328545.0,5.25,78.5,75.5,3.8
2024-05,2024,5,2024-05-01,East,E12000006,326196,95.8,7014.0,503597.0,334876.0,275611.0,194864.0,319205.0,328778.0,5.25,78.7,75.6,4
2024-06,2024,6,2024-06-01,East,E12000006,325834,95.6,6679.0,500722.0,333497.0,277403.0,194940.0,319092.0,328307.0,5.25,78.5,75.9,3.3
2024-07,2024,7,2024-07-01,East,E12000006,330577,97.0,7568.0,509878.0,339801.0,281900.0,194396.0,323127.0,333354.0,5.25,78.9,76.2,3.4
2024-08,2024,8,2024-08-01,East,E12000006,332456,97.6,8446.0,513449.0,341154.0,283419.0,195714.0,324924.0,335268.0,5.0,79.7,77,3.4
2024-09,2024,9,2024-09-01,East,E12000006,333803,98.0,7502.0,519578.0,342788.0,282770.0,195435.0,326951.0,336313.0,5.0,80.3,77.2,3.8
2024-10,2024,10,2024-10-01,East,E12000006,333824,98.0,9058.0,516771.0,341997.0,283023.0,198031.0,326833.0,336394.0,5.0,80.4,77.7,3.4
2024-11,2024,11,2024-11-01,East,E12000006,332235,97.5,8525.0,513908.0,342979.0,281604.0,194766.0,324443.0,335162.0,5.0,81.2,77.9,4.1
2024-12,2024,12,2024-12-01,East,E12000006,332966,97.7,7841.0,520210.0,341855.0,281552.0,194242.0,325987.0,335532.0,4.75,81.5,78,4.3
2025-01,2025,1,2025-01-01,East,E12000006,332546,97.6,6528.0,518297.0,342810.0,281838.0,192735.0,324653.0,335516.0,4.75,81.3,77.6,4.6
2025-02,2025,2,2025-02-01,East,E12000006,331922,97.4,7786.0,513864.0,341916.0,282350.0,194130.0,323416.0,335135.0,4.75,82,78.1,4.7
2025-03,2025,3,2025-03-01,East,E12000006,336733,98.8,15344.0,514675.0,345436.0,287798.0,202196.0,328745.0,339740.0,4.5,82.3,78.5,4.6
2025-04,2025,4,2025-04-01,East,E12000006,323863,95.1,3402.0,507913.0,335439.0,272552.0,185816.0,313360.0,327878.0,4.5,82.4,78.7,4.6
2025-05,2025,5,2025-05-01,East,E12000006,330410,97.0,5932.0,515844.0,340895.0,280350.0,190176.0,321553.0,333764.0,4.5,82.7,78.6,4.9
2025-06,2025,6,2025-06-01,East,E12000006,335072,98.4,7192.0,520241.0,345997.0,284728.0,194273.0,325902.0,338549.0,4.25,82.5,78.5,4.8
2025-07,2025,7,2025-07-01,East,E12000006,336155,98.7,7743.0,521076.0,348195.0,285937.0,194087.0,326371.0,339874.0,4.25,82,78.2,4.7
2025-08,2025,8,2025-08-01,East,E12000006,338842,99.5,7522.0,526087.0,351859.0,288682.0,193578.0,329355.0,342442.0,4.25,82.2,78.2,4.9
2025-09,2025,9,2025-09-01,East,E12000006,338776,99.4,6645.0,528898.0,351380.0,288586.0,191829.0,329427.0,342320.0,4.0,82,78,4.9
2025-10,2025,10,2025-10-01,East,E12000006,341277,100.2,7719.0,532718.0,355001.0,289607.0,193460.0,331895.0,344834.0,4.0,82.1,77.9,5.1
2025-11,2025,11,2025-11-01,East,E12000006,339562,99.7,6416.0,529911.0,352189.0,289174.0,192529.0,329758.0,343288.0,4.0,82.1,78.4,4.5
2025-12,2025,12,2025-12-01,East,E12000006,337154,99.0,5770.0,523286.0,349714.0,287219.0,193182.0,327212.0,340936.0,4.0,82.1,78.3,4.6
2026-01,2026,1,2026-01-01,East,E12000006,334542,98.2,4339.0,518247.0,348633.0,286683.0,188920.0,324782.0,338253.0,3.75,82,78.4,4.4
2026-02,2026,2,2026-02-01,East,E12000006,337609,99.1,4620.0,526677.0,351315.0,287177.0,190702.0,327800.0,341338.0,3.75,81.3,78,4.1
2026-03,2026,3,2026-03-01,East,E12000006,335131,98.4,,521385.0,349544.0,286622.0,187703.0,324906.0,339023.0,3.75,81.4,77.9,4.2
2026-04,2026,4,2026-04-01,East,E12000006,336300,98.7,,521393.0,349831.0,287795.0,190762.0,325690.0,340342.0,3.75,81.7,78.2,4.3
2015-01,2015,1,2015-01-01,East Midlands,E12000004,147972,62.9,4865.0,221982.0,137570.0,111814.0,86173.0,149037.0,147489.0,0.5,78.1,74.1,5.1
2015-02,2015,2,2015-02-01,East Midlands,E12000004,148493,63.1,5071.0,222178.0,137720.0,112620.0,87461.0,149508.0,148034.0,0.5,78.3,74.3,5
2015-03,2015,3,2015-03-01,East Midlands,E12000004,148992,63.3,5751.0,224315.0,138463.0,112049.0,87013.0,149999.0,148536.0,0.5,77.8,73.8,5.1
2015-04,2015,4,2015-04-01,East Midlands,E12000004,149909,63.7,5438.0,224939.0,139387.0,113424.0,86603.0,150801.0,149508.0,0.5,78.4,74.5,4.9
2015-05,2015,5,2015-05-01,East Midlands,E12000004,151863,64.5,6611.0,227759.0,141433.0,114627.0,88218.0,152867.0,151409.0,0.5,78.7,74.9,4.8
2015-06,2015,6,2015-06-01,East Midlands,E12000004,153067,65.0,7535.0,229276.0,142596.0,116034.0,87692.0,154233.0,152536.0,0.5,78.8,74.9,4.9
2015-07,2015,7,2015-07-01,East Midlands,E12000004,155205,66.0,7835.0,232602.0,144557.0,117378.0,89698.0,156250.0,154731.0,0.5,78.8,75,4.9
2015-08,2015,8,2015-08-01,East Midlands,E12000004,157157,66.8,7429.0,236206.0,146163.0,118709.0,90489.0,158409.0,156585.0,0.5,78.7,74.9,4.8
2015-09,2015,9,2015-09-01,East Midlands,E12000004,156162,66.4,7073.0,235563.0,144725.0,117843.0,90046.0,157397.0,155598.0,0.5,78.4,74.7,4.6
2015-10,2015,10,2015-10-01,East Midlands,E12000004,157700,67.0,8037.0,237334.0,146662.0,118998.0,90533.0,158875.0,157164.0,0.5,77.7,74.2,4.5
2015-11,2015,11,2015-11-01,East Midlands,E12000004,158364,67.3,7281.0,238696.0,147427.0,119183.0,90732.0,159398.0,157897.0,0.5,77.7,74.1,4.6
2015-12,2015,12,2015-12-01,East Midlands,E12000004,158962,67.6,7640.0,239806.0,147603.0,119829.0,91143.0,160106.0,158441.0,0.5,77.7,74.2,4.5
2016-01,2016,1,2016-01-01,East Midlands,E12000004,158831,67.5,5414.0,238825.0,148088.0,119577.0,91428.0,159916.0,158340.0,0.5,77.9,74.4,4.5
2016-02,2016,2,2016-02-01,East Midlands,E12000004,158290,67.3,5805.0,237318.0,147492.0,119637.0,91331.0,159133.0,157914.0,0.5,78,74.4,4.6
2016-03,2016,3,2016-03-01,East Midlands,E12000004,159052,67.6,10702.0,240121.0,147386.0,119745.0,92307.0,160292.0,158486.0,0.5,78,74.2,4.8
2016-04,2016,4,2016-04-01,East Midlands,E12000004,161689,68.7,5087.0,242815.0,150575.0,122198.0,92685.0,162663.0,161251.0,0.5,78.3,74.8,4.5
2016-05,2016,5,2016-05-01,East Midlands,E12000004,162514,69.1,5824.0,242083.0,151258.0,123647.0,95052.0,163292.0,162172.0,0.5,78.5,75,4.4
2016-06,2016,6,2016-06-01,East Midlands,E12000004,163785,69.6,7044.0,245890.0,152011.0,124061.0,94748.0,164786.0,163335.0,0.5,79.3,75.8,4.3
2016-07,2016,7,2016-07-01,East Midlands,E12000004,165414,70.3,7101.0,247604.0,153776.0,125519.0,95750.0,166168.0,165084.0,0.5,79.3,75.9,4.4
2016-08,2016,8,2016-08-01,East Midlands,E12000004,166249,70.6,7540.0,249176.0,154355.0,125998.0,96679.0,167277.0,165786.0,0.5,79.5,75.7,4.8
2016-09,2016,9,2016-09-01,East Midlands,E12000004,166849,70.9,7437.0,250713.0,154994.0,126037.0,96769.0,167884.0,166383.0,0.25,79,75.2,4.8
2016-10,2016,10,2016-10-01,East Midlands,E12000004,166085,70.6,6766.0,250634.0,154366.0,124586.0,96731.0,167022.0,165667.0,0.25,79.1,75.2,4.9
2016-11,2016,11,2016-11-01,East Midlands,E12000004,167427,71.1,7172.0,253888.0,155300.0,125171.0,97248.0,168706.0,166843.0,0.25,79.2,75.4,4.7
2016-12,2016,12,2016-12-01,East Midlands,E12000004,168191,71.5,7739.0,253565.0,155995.0,126485.0,98459.0,169107.0,167782.0,0.25,79.2,75.5,4.7
2017-01,2017,1,2017-01-01,East Midlands,E12000004,166547,70.8,5178.0,252351.0,154613.0,124512.0,96781.0,167255.0,166239.0,0.25,78.8,75.5,4.2
2017-02,2017,2,2017-02-01,East Midlands,E12000004,168619,71.7,5420.0,254346.0,155950.0,126738.0,99866.0,169875.0,168063.0,0.25,78.2,75,4.1
2017-03,2017,3,2017-03-01,East Midlands,E12000004,168470,71.6,6958.0,254960.0,156141.0,126074.0,98858.0,169615.0,167964.0,0.25,78.4,75.3,4
2017-04,2017,4,2017-04-01,East Midlands,E12000004,171346,72.8,5864.0,258689.0,158824.0,128517.0,100829.0,172419.0,170873.0,0.25,77.6,74.4,4.1
2017-05,2017,5,2017-05-01,East Midlands,E12000004,172332,73.2,6544.0,258318.0,160757.0,129211.0,102278.0,173258.0,171926.0,0.25,77.7,74.7,3.8
2017-06,2017,6,2017-06-01,East Midlands,E12000004,173524,73.7,8030.0,260668.0,161024.0,130622.0,102739.0,174727.0,172992.0,0.25,77.4,74.3,4
2017-07,2017,7,2017-07-01,East Midlands,E12000004,176382,75.0,7121.0,264669.0,163803.0,132775.0,104636.0,177512.0,175883.0,0.25,77.4,74.3,4
2017-08,2017,8,2017-08-01,East Midlands,E12000004,175988,74.8,7580.0,263562.0,163302.0,133103.0,103926.0,176817.0,175626.0,0.25,77.5,74,4.5
2017-09,2017,9,2017-09-01,East Midlands,E12000004,177002,75.2,7393.0,266427.0,164149.0,133171.0,104247.0,177993.0,176566.0,0.25,77.2,73.8,4.3
2017-10,2017,10,2017-10-01,East Midlands,E12000004,177222,75.3,7433.0,267209.0,164896.0,132752.0,103694.0,178068.0,176852.0,0.25,77.7,74.3,4.5
2017-11,2017,11,2017-11-01,East Midlands,E12000004,177154,75.3,7333.0,266145.0,165124.0,133056.0,103632.0,177982.0,176793.0,0.25,78.2,74.8,4.3
2017-12,2017,12,2017-12-01,East Midlands,E12000004,178086,75.7,7401.0,267488.0,165678.0,134066.0,104257.0,179010.0,177681.0,0.5,78.4,75.1,4.2
2018-01,2018,1,2018-01-01,East Midlands,E12000004,177732,75.5,5336.0,267570.0,165646.0,133111.0,104069.0,178278.0,177498.0,0.5,78.3,75,4.2
2018-02,2018,2,2018-02-01,East Midlands,E12000004,180294,76.6,5509.0,271728.0,167780.0,135339.0,104850.0,180568.0,180187.0,0.5,78.4,75.2,4.2
2018-03,2018,3,2018-03-01,East Midlands,E12000004,177993,75.6,6451.0,268390.0,165532.0,133835.0,102948.0,178472.0,177791.0,0.5,78.8,75.6,4
2018-04,2018,4,2018-04-01,East Midlands,E12000004,180334,76.6,5709.0,271364.0,167947.0,135886.0,103924.0,180597.0,180232.0,0.5,78.9,75.7,4
2018-05,2018,5,2018-05-01,East Midlands,E12000004,181826,77.3,6536.0,273316.0,169415.0,137085.0,104946.0,182565.0,181503.0,0.5,78.3,75.2,4
2018-06,2018,6,2018-06-01,East Midlands,E12000004,182243,77.4,7605.0,273666.0,170326.0,136966.0,105404.0,182759.0,182024.0,0.5,78,74.8,4.1
2018-07,2018,7,2018-07-01,East Midlands,E12000004,184142,78.3,6802.0,278017.0,171434.0,138342.0,105566.0,185129.0,183704.0,0.5,78.2,75,4.1
2018-08,2018,8,2018-08-01,East Midlands,E12000004,185470,78.8,8115.0,278617.0,172874.0,139997.0,106764.0,186197.0,185153.0,0.5,78.4,74.7,4.6
2018-09,2018,9,2018-09-01,East Midlands,E12000004,186856,79.4,6519.0,281815.0,174187.0,140278.0,107346.0,187761.0,186456.0,0.75,78.6,74.9,4.7
2018-10,2018,10,2018-10-01,East Midlands,E12000004,184561,78.4,7429.0,278571.0,172115.0,138309.0,106073.0,185131.0,184317.0,0.75,79.4,75.6,4.7
2018-11,2018,11,2018-11-01,East Midlands,E12000004,185825,79.0,7867.0,280417.0,173330.0,139531.0,106067.0,186506.0,185530.0,0.75,79.1,75.2,4.9
2018-12,2018,12,2018-12-01,East Midlands,E12000004,184588,78.4,6822.0,277364.0,172479.0,138569.0,106953.0,185265.0,184294.0,0.75,79.2,75.2,5.1
2019-01,2019,1,2019-01-01,East Midlands,E12000004,184148,78.3,5024.0,279746.0,171678.0,137161.0,104704.0,185154.0,183702.0,0.75,79.2,75.4,4.8
2019-02,2019,2,2019-02-01,East Midlands,E12000004,183910,78.2,5498.0,278367.0,171298.0,137607.0,105332.0,184433.0,183660.0,0.75,79.7,76.3,4.3
2019-03,2019,3,2019-03-01,East Midlands,E12000004,183521,78.0,6127.0,276854.0,171516.0,137514.0,104658.0,184262.0,183183.0,0.75,79.6,76.3,4.1
2019-04,2019,4,2019-04-01,East Midlands,E12000004,184470,78.4,5814.0,277700.0,172289.0,138933.0,104736.0,185040.0,184201.0,0.75,79.7,76.2,4.4
2019-05,2019,5,2019-05-01,East Midlands,E12000004,184812,78.5,6440.0,276825.0,173042.0,139660.0,105129.0,184994.0,184702.0,0.75,80.2,76.7,4.3
2019-06,2019,6,2019-06-01,East Midlands,E12000004,184910,78.6,6759.0,277976.0,173137.0,138874.0,105547.0,185513.0,184628.0,0.75,80.4,76.9,4.4
2019-07,2019,7,2019-07-01,East Midlands,E12000004,186307,79.2,6776.0,279720.0,174063.0,140576.0,106397.0,186366.0,186248.0,0.75,80.9,76.9,4.8
2019-08,2019,8,2019-08-01,East Midlands,E12000004,188104,79.9,7403.0,283314.0,175420.0,142157.0,105941.0,188585.0,187871.0,0.75,80.8,77,4.7
2019-09,2019,9,2019-09-01,East Midlands,E12000004,187643,79.7,6683.0,282107.0,174802.0,141876.0,107110.0,188075.0,187430.0,0.75,80.8,77.1,4.6
2019-10,2019,10,2019-10-01,East Midlands,E12000004,187487,79.7,6992.0,281349.0,176095.0,140834.0,106320.0,188007.0,187238.0,0.75,80.5,77.5,3.8
2019-11,2019,11,2019-11-01,East Midlands,E12000004,187649,79.7,7285.0,282752.0,175943.0,140828.0,105338.0,188151.0,187407.0,0.75,80.6,77.4,4
2019-12,2019,12,2019-12-01,East Midlands,E12000004,187279,79.6,6548.0,281108.0,175472.0,141355.0,105449.0,187764.0,187045.0,0.75,81.4,78.4,3.7
2020-01,2020,1,2020-01-01,East Midlands,E12000004,187868,79.8,5049.0,282368.0,176461.0,141157.0,105505.0,187396.0,188026.0,0.75,81.2,78,4
2020-02,2020,2,2020-02-01,East Midlands,E12000004,186308,79.2,5326.0,279453.0,174623.0,140740.0,104876.0,186487.0,186222.0,0.75,80.8,77.5,4.1
2020-03,2020,3,2020-03-01,East Midlands,E12000004,188446,80.1,5233.0,283155.0,176439.0,142044.0,106548.0,188399.0,188445.0,0.75,80.6,77.2,4.3
2020-04,2020,4,2020-04-01,East Midlands,E12000004,187949,79.9,2128.0,283493.0,175902.0,141839.0,103546.0,187272.0,188185.0,0.1,80.5,77,4.4
2020-05,2020,5,2020-05-01,East Midlands,E12000004,187382,79.6,3185.0,281267.0,176266.0,140794.0,105188.0,186547.0,187676.0,0.1,80.1,76.4,4.6
2020-06,2020,6,2020-06-01,East Midlands,E12000004,191136,81.2,4677.0,285465.0,179541.0,144931.0,107422.0,191298.0,191056.0,0.1,79.6,75.8,4.8
2020-07,2020,7,2020-07-01,East Midlands,E12000004,193004,82.0,5127.0,289522.0,180986.0,145754.0,108432.0,193096.0,192950.0,0.1,79.2,75.4,4.8
2020-08,2020,8,2020-08-01,East Midlands,E12000004,193470,82.2,5292.0,290976.0,181821.0,145673.0,106964.0,193035.0,193614.0,0.1,78.6,75,4.5
2020-09,2020,9,2020-09-01,East Midlands,E12000004,194142,82.5,5673.0,293040.0,181666.0,146244.0,107405.0,194096.0,194140.0,0.1,78.5,74.5,5.1
2020-10,2020,10,2020-10-01,East Midlands,E12000004,196846,83.7,7147.0,296883.0,184002.0,148843.0,108400.0,197031.0,196758.0,0.1,79,74.5,5.7
2020-11,2020,11,2020-11-01,East Midlands,E12000004,199379,84.7,7067.0,300086.0,186342.0,150991.0,110564.0,199804.0,199201.0,0.1,79.7,75,6
2020-12,2020,12,2020-12-01,East Midlands,E12000004,201798,85.8,7696.0,303987.0,188413.0,153090.0,111168.0,202407.0,201552.0,0.1,79.6,74.6,6.3
2021-01,2021,1,2021-01-01,East Midlands,E12000004,202133,85.9,6122.0,300230.0,189720.0,154224.0,115041.0,202801.0,201864.0,0.1,79.2,74.8,5.5
2021-02,2021,2,2021-02-01,East Midlands,E12000004,204514,86.9,8032.0,302734.0,191544.0,156952.0,117501.0,204977.0,204315.0,0.1,79.3,74.9,5.6
2021-03,2021,3,2021-03-01,East Midlands,E12000004,205588,87.4,10789.0,304035.0,192183.0,158115.0,119047.0,206218.0,205332.0,0.1,78.7,74.5,5.4
2021-04,2021,4,2021-04-01,East Midlands,E12000004,202601,86.1,7545.0,301078.0,189541.0,155155.0,115345.0,202839.0,202478.0,0.1,78.7,74.6,5.2
2021-05,2021,5,2021-05-01,East Midlands,E12000004,203546,86.5,6663.0,302176.0,190474.0,155989.0,116100.0,204141.0,203301.0,0.1,78.3,74.3,5.2
2021-06,2021,6,2021-06-01,East Midlands,E12000004,215392,91.5,12713.0,317154.0,200884.0,167580.0,123862.0,216854.0,214852.0,0.1,78.4,74.8,4.5
2021-07,2021,7,2021-07-01,East Midlands,E12000004,202813,86.2,5821.0,301169.0,190645.0,154509.0,115327.0,202996.0,202709.0,0.1,78,74.5,4.5
2021-08,2021,8,2021-08-01,East Midlands,E12000004,209343,89.0,7257.0,311932.0,196583.0,159548.0,117060.0,209946.0,209094.0,0.1,78.6,75.2,4.4
2021-09,2021,9,2021-09-01,East Midlands,E12000004,217444,92.4,11848.0,320838.0,203772.0,168010.0,123589.0,218506.0,217039.0,0.1,78.7,75.5,4
2021-10,2021,10,2021-10-01,East Midlands,E12000004,212790,90.4,5187.0,321571.0,198663.0,160207.0,118461.0,213751.0,212419.0,0.1,78.6,75.3,4.1
2021-11,2021,11,2021-11-01,East Midlands,E12000004,216112,91.8,6341.0,324088.0,202451.0,163834.0,120335.0,216985.0,215771.0,0.1,77.9,75.2,3.4
2021-12,2021,12,2021-12-01,East Midlands,E12000004,218318,92.8,7198.0,327035.0,203704.0,166728.0,121522.0,219656.0,217820.0,0.1,78.1,75.5,3.4
2022-01,2022,1,2022-01-01,East Midlands,E12000004,219956,93.5,5288.0,329007.0,206414.0,167324.0,121510.0,221121.0,219516.0,0.25,78.3,75.9,3.1
2022-02,2022,2,2022-02-01,East Midlands,E12000004,221012,93.9,6316.0,329341.0,207570.0,168483.0,123953.0,221721.0,220743.0,0.25,78,75.7,2.9
2022-03,2022,3,2022-03-01,East Midlands,E12000004,222760,94.7,6979.0,333375.0,209031.0,169379.0,122861.0,223091.0,222635.0,0.5,77.7,75.6,2.7
2022-04,2022,4,2022-04-01,East Midlands,E12000004,224769,95.5,6550.0,335661.0,210506.0,171961.0,124125.0,225449.0,224512.0,0.75,77.3,75,2.9
2022-05,2022,5,2022-05-01,East Midlands,E12000004,226878,96.4,6531.0,337794.0,213205.0,173504.0,125698.0,227769.0,226540.0,0.75,78.3,76.2,2.6
2022-06,2022,6,2022-06-01,East Midlands,E12000004,231038,98.2,6922.0,343135.0,216982.0,177514.0,128262.0,231403.0,230900.0,1.0,77.5,75.5,2.6
2022-07,2022,7,2022-07-01,East Midlands,E12000004,233487,99.2,7077.0,346932.0,220006.0,178961.0,127756.0,233817.0,233362.0,1.25,77.5,75.3,2.8
2022-08,2022,8,2022-08-01,East Midlands,E12000004,237151,100.8,7176.0,352481.0,222854.0,182382.0,129753.0,237477.0,237028.0,1.25,77,74.7,3
2022-09,2022,9,2022-09-01,East Midlands,E12000004,236940,100.7,7281.0,353313.0,222382.0,181726.0,128978.0,237523.0,236719.0,1.75,77.2,74.5,3.5
2022-10,2022,10,2022-10-01,East Midlands,E12000004,237264,100.8,6871.0,353500.0,222864.0,181873.0,129679.0,237604.0,237135.0,2.25,77.4,74.7,3.5
2022-11,2022,11,2022-11-01,East Midlands,E12000004,237753,101.0,7058.0,354936.0,222992.0,182178.0,129383.0,238449.0,237489.0,2.25,77.6,74.7,3.7
2022-12,2022,12,2022-12-01,East Midlands,E12000004,237956,101.1,6926.0,353540.0,223596.0,182852.0,131167.0,238500.0,237750.0,3.0,77.4,74.7,3.6
2023-01,2023,1,2023-01-01,East Midlands,E12000004,235315,100.0,4422.0,351760.0,221673.0,178948.0,127524.0,235550.0,235226.0,3.5,77.9,74.9,3.8
2023-02,2023,2,2023-02-01,East Midlands,E12000004,232456,98.8,4557.0,347805.0,218090.0,177041.0,127180.0,232415.0,232471.0,3.5,78.1,75.1,3.8
2023-03,2023,3,2023-03-01,East Midlands,E12000004,229868,97.7,5422.0,344276.0,216531.0,173918.0,125784.0,230024.0,229808.0,4.0,78.4,75.3,4.1
2023-04,2023,4,2023-04-01,East Midlands,E12000004,230965,98.2,3781.0,345791.0,217230.0,175268.0,126165.0,230997.0,230953.0,4.25,78.3,75.4,3.8
2023-05,2023,5,2023-05-01,East Midlands,E12000004,229615,97.6,4337.0,341652.0,216090.0,175247.0,126104.0,229457.0,229676.0,4.25,78.2,75.5,3.4
2023-06,2023,6,2023-06-01,East Midlands,E12000004,232790,98.9,5402.0,345659.0,218454.0,178753.0,128005.0,232919.0,232740.0,4.5,78.7,75.7,3.8
2023-07,2023,7,2023-07-01,East Midlands,E12000004,233810,99.4,4752.0,348093.0,220683.0,178355.0,126532.0,233743.0,233835.0,5.0,78.6,75.2,4.3
2023-08,2023,8,2023-08-01,East Midlands,E12000004,235914,100.3,5466.0,351338.0,221928.0,180762.0,127444.0,236237.0,235792.0,5.0,78.2,74.5,4.8
2023-09,2023,9,2023-09-01,East Midlands,E12000004,233437,99.2,5092.0,347229.0,219400.0,179122.0,126701.0,233797.0,233300.0,5.25,78.1,74.4,4.8
2023-10,2023,10,2023-10-01,East Midlands,E12000004,232325,98.7,5190.0,344544.0,219110.0,177899.0,126753.0,232083.0,232417.0,5.25,77.6,73.8,4.9
2023-11,2023,11,2023-11-01,East Midlands,E12000004,233029,99.0,5017.0,348086.0,219741.0,177160.0,126242.0,233304.0,232924.0,5.25,78.5,74.6,5.1
2023-12,2023,12,2023-12-01,East Midlands,E12000004,229757,97.6,4986.0,341396.0,216480.0,175750.0,125260.0,230232.0,229577.0,5.25,77.7,73.7,5.1
2024-01,2024,1,2024-01-01,East Midlands,E12000004,227053,96.5,3666.0,337538.0,213970.0,173655.0,123476.0,226772.0,227160.0,5.25,78,73.8,5.4
2024-02,2024,2,2024-02-01,East Midlands,E12000004,227623,96.7,4455.0,336119.0,215577.0,174570.0,123616.0,226893.0,227930.0,5.25,78.3,73.7,5.9
2024-03,2024,3,2024-03-01,East Midlands,E12000004,227703,96.8,4929.0,338094.0,214326.0,173994.0,125677.0,227847.0,227622.0,5.25,79.3,74.9,5.6
2024-04,2024,4,2024-04-01,East Midlands,E12000004,227940,96.9,4550.0,336102.0,215275.0,175165.0,125478.0,227445.0,228142.0,5.25,80.1,75.6,5.6
2024-05,2024,5,2024-05-01,East Midlands,E12000004,230613,98.0,5574.0,338915.0,217987.0,177761.0,127100.0,229968.0,230882.0,5.25,80.2,75.6,5.7
2024-06,2024,6,2024-06-01,East Midlands,E12000004,228627,97.2,5535.0,336578.0,215406.0,176672.0,125853.0,228306.0,228752.0,5.25,80.1,75.8,5.3
2024-07,2024,7,2024-07-01,East Midlands,E12000004,233319,99.2,5958.0,342572.0,220412.0,180974.0,126747.0,232444.0,233689.0,5.25,79.1,75.1,5
2024-08,2024,8,2024-08-01,East Midlands,E12000004,234304,99.6,6592.0,345271.0,220902.0,181417.0,127071.0,233956.0,234440.0,5.0,79.3,75.7,4.6
2024-09,2024,9,2024-09-01,East Midlands,E12000004,234886,99.8,5823.0,348137.0,221650.0,180581.0,126432.0,234771.0,234919.0,5.0,79,75.4,4.6
2024-10,2024,10,2024-10-01,East Midlands,E12000004,236104,100.3,6566.0,349626.0,222278.0,181917.0,128126.0,236078.0,236098.0,5.0,78.6,75.1,4.4
2024-11,2024,11,2024-11-01,East Midlands,E12000004,235874,100.2,6833.0,349117.0,223342.0,181086.0,126330.0,235866.0,235859.0,5.0,78.7,75.6,3.9
2024-12,2024,12,2024-12-01,East Midlands,E12000004,237904,101.1,6317.0,354316.0,224044.0,182573.0,127142.0,237979.0,237853.0,4.75,78.6,75.3,4.2
2025-01,2025,1,2025-01-01,East Midlands,E12000004,236516,100.5,4988.0,351439.0,223655.0,181417.0,125493.0,236008.0,236723.0,4.75,78.4,75,4.4
2025-02,2025,2,2025-02-01,East Midlands,E12000004,236450,100.5,5850.0,349619.0,223472.0,182449.0,126778.0,235897.0,236675.0,4.75,78.5,74.9,4.6
2025-03,2025,3,2025-03-01,East Midlands,E12000004,240072,102.0,10754.0,350672.0,227269.0,186985.0,132503.0,239092.0,240462.0,4.5,78.5,75.1,4.4
2025-04,2025,4,2025-04-01,East Midlands,E12000004,228979,97.3,3182.0,341353.0,217241.0,174320.0,120253.0,226781.0,229844.0,4.5,78.6,75,4.5
2025-05,2025,5,2025-05-01,East Midlands,E12000004,233206,99.1,5248.0,345958.0,220784.0,179269.0,123135.0,231517.0,233872.0,4.5,78.5,74.5,5.1
2025-06,2025,6,2025-06-01,East Midlands,E12000004,234796,99.8,6090.0,347232.0,222608.0,180823.0,124447.0,233459.0,235325.0,4.25,78.9,75,5
2025-07,2025,7,2025-07-01,East Midlands,E12000004,238143,101.2,5892.0,351669.0,225866.0,183962.0,125638.0,236497.0,238793.0,4.25,78.8,75,4.8
2025-08,2025,8,2025-08-01,East Midlands,E12000004,242720,103.1,5825.0,359392.0,230615.0,186869.0,126329.0,241600.0,243165.0,4.25,79.3,75.7,4.6
2025-09,2025,9,2025-09-01,East Midlands,E12000004,240967,102.4,5187.0,357505.0,228356.0,185821.0,125008.0,239787.0,241435.0,4.0,79.7,75.4,5.4
2025-10,2025,10,2025-10-01,East Midlands,E12000004,243512,103.5,6077.0,361223.0,231659.0,186894.0,125928.0,242203.0,244031.0,4.0,79.8,75.2,5.8
2025-11,2025,11,2025-11-01,East Midlands,E12000004,243946,103.7,4940.0,362583.0,231278.0,187683.0,125966.0,242713.0,244436.0,4.0,79.8,75,6.1
2025-12,2025,12,2025-12-01,East Midlands,E12000004,242422,103.0,4514.0,358326.0,230080.0,187279.0,126674.0,241585.0,242757.0,4.0,80.1,75.1,6.2
2026-01,2026,1,2026-01-01,East Midlands,E12000004,239750,101.9,3300.0,352238.0,228783.0,186039.0,123944.0,238304.0,240321.0,3.75,80.4,75.8,5.7
2026-02,2026,2,2026-02-01,East Midlands,E12000004,240819,102.3,3586.0,356917.0,229104.0,185195.0,123878.0,239710.0,241263.0,3.75,79.7,75.1,5.7
2026-03,2026,3,2026-03-01,East Midlands,E12000004,241631,102.7,,357122.0,230525.0,186472.0,122781.0,240221.0,242189.0,3.75,79.5,75,5.7
2026-04,2026,4,2026-04-01,East Midlands,E12000004,241620,102.7,,357562.0,230117.0,186164.0,123804.0,240106.0,242218.0,3.75,79.5,75,5.6
2015-01,2015,1,2015-01-01,London,E12000007,431270,75.5,8142.0,813950.0,488347.0,447390.0,375213.0,482891.0,419334.0,0.5,77.2,72.4,6.3
2015-02,2015,2,2015-02-01,London,E12000007,433331,75.9,7937.0,819365.0,490207.0,449594.0,377011.0,485185.0,421343.0,0.5,77.2,72.3,6.3
2015-03,2015,3,2015-03-01,London,E12000007,433259,75.9,8847.0,817453.0,490590.0,449237.0,377054.0,483819.0,421628.0,0.5,77,72.2,6.3
2015-04,2015,4,2015-04-01,London,E12000007,439403,77.0,8323.0,831623.0,497178.0,458552.0,381050.0,490190.0,427744.0,0.5,76.9,72,6.3
2015-05,2015,5,2015-05-01,London,E12000007,445154,78.0,9059.0,830065.0,502358.0,461877.0,388044.0,496556.0,433356.0,0.5,77,71.8,6.8
2015-06,2015,6,2015-06-01,London,E12000007,449070,78.7,10721.0,845281.0,510261.0,472264.0,387583.0,499638.0,437525.0,0.5,77.2,72.1,6.6
2015-07,2015,7,2015-07-01,London,E12000007,462097,80.9,11980.0,862462.0,523818.0,485363.0,399661.0,514757.0,450044.0,0.5,77.2,72.3,6.4
2015-08,2015,8,2015-08-01,London,E12000007,466924,81.8,10499.0,882257.0,532941.0,491141.0,402317.0,517963.0,455351.0,0.5,77.2,72.7,5.8
2015-09,2015,9,2015-09-01,London,E12000007,470754,82.5,10686.0,898352.0,535045.0,493101.0,406620.0,524964.0,458318.0,0.5,77.4,72.4,6.5
2015-10,2015,10,2015-10-01,London,E12000007,471562,82.6,10926.0,902988.0,543528.0,498203.0,403792.0,521926.0,460206.0,0.5,77.9,72.9,6.4
2015-11,2015,11,2015-11-01,London,E12000007,476915,83.5,9752.0,907216.0,546726.0,501546.0,410233.0,530293.0,464746.0,0.5,77.7,72.8,6.3
2015-12,2015,12,2015-12-01,London,E12000007,481806,84.4,9700.0,924977.0,555157.0,506423.0,413636.0,534548.0,469843.0,0.5,77.9,72.9,6.4
2016-01,2016,1,2016-01-01,London,E12000007,489741,85.8,7927.0,927245.0,565808.0,514525.0,420791.0,543267.0,477605.0,0.5,77.7,72.8,6.3
2016-02,2016,2,2016-02-01,London,E12000007,490055,85.8,8208.0,945791.0,569577.0,517078.0,418667.0,540634.0,478748.0,0.5,77.9,73,6.3
2016-03,2016,3,2016-03-01,London,E12000007,497430,87.1,17501.0,956186.0,569116.0,522196.0,428100.0,550912.0,485351.0,0.5,77.8,73.3,5.8
2016-04,2016,4,2016-04-01,London,E12000007,493598,86.5,5746.0,941342.0,570819.0,522178.0,422140.0,546496.0,481660.0,0.5,78,73.4,5.9
2016-05,2016,5,2016-05-01,London,E12000007,500467,87.7,6617.0,946823.0,577360.0,527027.0,429665.0,553408.0,488558.0,0.5,78,73.3,6
2016-06,2016,6,2016-06-01,London,E12000007,501147,87.8,8464.0,969028.0,579802.0,528898.0,428549.0,554066.0,489248.0,0.5,78,73.3,6
2016-07,2016,7,2016-07-01,London,E12000007,509080,89.2,8794.0,977766.0,592642.0,539737.0,433809.0,560838.0,497556.0,0.5,78.1,73.3,6.1
2016-08,2016,8,2016-08-01,London,E12000007,505256,88.5,8535.0,973357.0,588362.0,534258.0,431010.0,555145.0,494237.0,0.5,78.1,73.3,6.1
2016-09,2016,9,2016-09-01,London,E12000007,505052,88.5,8275.0,967479.0,585075.0,532404.0,432378.0,557781.0,493230.0,0.25,77.9,73.5,5.7
2016-10,2016,10,2016-10-01,London,E12000007,504240,88.3,8100.0,967074.0,585697.0,527800.0,432964.0,556539.0,492534.0,0.25,77.9,73.6,5.5
2016-11,2016,11,2016-11-01,London,E12000007,504074,88.3,8178.0,970596.0,581678.0,526032.0,434133.0,558897.0,491658.0,0.25,78.1,73.7,5.6
2016-12,2016,12,2016-12-01,London,E12000007,505701,88.6,8460.0,971090.0,581863.0,528923.0,435457.0,561614.0,492989.0,0.25,78,73.6,5.7
2017-01,2017,1,2017-01-01,London,E12000007,509175,89.2,6931.0,977960.0,588733.0,533553.0,437425.0,564240.0,496722.0,0.25,77.9,73.4,5.8
2017-02,2017,2,2017-02-01,London,E12000007,510351,89.4,7108.0,972135.0,582867.0,527996.0,443047.0,567821.0,497295.0,0.25,78,73.3,6
2017-03,2017,3,2017-03-01,London,E12000007,508986,89.2,8659.0,978594.0,586584.0,531090.0,438548.0,564050.0,496531.0,0.25,78,73.2,6.1
2017-04,2017,4,2017-04-01,London,E12000007,513641,90.0,7120.0,984368.0,587481.0,534019.0,444379.0,572543.0,500235.0,0.25,77.9,73.3,6
2017-05,2017,5,2017-05-01,London,E12000007,514831,90.2,7874.0,974840.0,591484.0,533732.0,446007.0,571134.0,502080.0,0.25,78.4,74,5.6
2017-06,2017,6,2017-06-01,London,E12000007,514028,90.0,9192.0,974960.0,588946.0,537017.0,443819.0,566952.0,502130.0,0.25,78.8,74.4,5.6
2017-07,2017,7,2017-07-01,London,E12000007,522994,91.6,8494.0,988627.0,602596.0,546675.0,450908.0,578575.0,510448.0,0.25,79,74.9,5.2
2017-08,2017,8,2017-08-01,London,E12000007,521450,91.3,8921.0,990413.0,600085.0,548281.0,448184.0,575565.0,509271.0,0.25,78.9,75,4.8
2017-09,2017,9,2017-09-01,London,E12000007,517969,90.7,8239.0,999791.0,598676.0,542970.0,444743.0,570514.0,506178.0,0.25,78.1,74.3,5
2017-10,2017,10,2017-10-01,London,E12000007,515752,90.3,7990.0,994932.0,600633.0,540448.0,442072.0,570483.0,503401.0,0.25,78.3,74.5,4.8
2017-11,2017,11,2017-11-01,London,E12000007,509894,89.3,7629.0,977544.0,593401.0,534243.0,437397.0,565546.0,497294.0,0.25,78.5,74.4,5.2
2017-12,2017,12,2017-12-01,London,E12000007,510491,89.4,7883.0,984333.0,593166.0,535721.0,437511.0,565632.0,498022.0,0.5,78.4,74.4,5.1
2018-01,2018,1,2018-01-01,London,E12000007,513622,90.0,6584.0,980502.0,596970.0,536730.0,441502.0,571524.0,500466.0,0.5,78.7,74.7,5.1
2018-02,2018,2,2018-02-01,London,E12000007,511574,89.6,6386.0,983191.0,594525.0,535523.0,439190.0,566556.0,499225.0,0.5,78.8,75,4.9
2018-03,2018,3,2018-03-01,London,E12000007,505683,88.6,7350.0,974415.0,592105.0,533040.0,431941.0,559285.0,493687.0,0.5,79,75.1,5
2018-04,2018,4,2018-04-01,London,E12000007,510925,89.5,6511.0,984143.0,599372.0,539640.0,435849.0,564618.0,498935.0,0.5,78.9,74.7,5.3
2018-05,2018,5,2018-05-01,London,E12000007,512244,89.7,6980.0,988698.0,602142.0,544098.0,435602.0,562297.0,501293.0,0.5,78.7,74.6,5.3
2018-06,2018,6,2018-06-01,London,E12000007,513792,90.0,8135.0,995338.0,608081.0,543874.0,436755.0,566353.0,502140.0,0.5,78.5,74.5,5
2018-07,2018,7,2018-07-01,London,E12000007,518923,90.9,8303.0,1017079.0,612280.0,552250.0,440004.0,572849.0,506916.0,0.5,78.4,74.6,4.8
2018-08,2018,8,2018-08-01,London,E12000007,513384,89.9,8975.0,999012.0,604001.0,545228.0,436242.0,567309.0,501343.0,0.5,78.6,74.9,4.7
2018-09,2018,9,2018-09-01,London,E12000007,510167,89.4,7636.0,999174.0,604023.0,543199.0,432155.0,562958.0,498426.0,0.75,78.9,75.2,4.6
2018-10,2018,10,2018-10-01,London,E12000007,513927,90.0,7956.0,1006131.0,606865.0,545702.0,436160.0,565878.0,502448.0,0.75,79.2,75.5,4.6
2018-11,2018,11,2018-11-01,London,E12000007,507814,89.0,8130.0,1000252.0,601069.0,541148.0,429846.0,560579.0,496066.0,0.75,78.5,75,4.6
2018-12,2018,12,2018-12-01,London,E12000007,506642,88.7,6957.0,984677.0,600080.0,536587.0,430393.0,558455.0,495156.0,0.75,78.4,74.8,4.6
2019-01,2019,1,2019-01-01,London,E12000007,503232,88.2,6031.0,996114.0,598195.0,534159.0,426121.0,553277.0,492226.0,0.75,78.7,75.4,4.3
2019-02,2019,2,2019-02-01,London,E12000007,498951,87.4,5967.0,982176.0,590898.0,530381.0,422821.0,548877.0,487968.0,0.75,78.4,74.8,4.5
2019-03,2019,3,2019-03-01,London,E12000007,496910,87.0,6875.0,962984.0,586229.0,528621.0,421945.0,546087.0,486097.0,0.75,77.7,74.2,4.5
2019-04,2019,4,2019-04-01,London,E12000007,502664,88.1,6063.0,971032.0,590556.0,535945.0,426945.0,555991.0,490906.0,0.75,77.7,74.2,4.5
2019-05,2019,5,2019-05-01,London,E12000007,496339,86.9,6815.0,960929.0,586983.0,532387.0,419432.0,546600.0,485276.0,0.75,78.1,74.4,4.7
2019-06,2019,6,2019-06-01,London,E12000007,503716,88.2,6991.0,977136.0,599469.0,537685.0,425915.0,554141.0,492623.0,0.75,78,74.3,4.8
2019-07,2019,7,2019-07-01,London,E12000007,512265,89.7,8275.0,985490.0,601596.0,545967.0,435393.0,562559.0,501210.0,0.75,77.6,73.7,5
2019-08,2019,8,2019-08-01,London,E12000007,506081,88.7,8797.0,988380.0,600892.0,547559.0,424976.0,552129.0,496001.0,0.75,77.8,74.1,4.8
2019-09,2019,9,2019-09-01,London,E12000007,510810,89.5,7586.0,987421.0,598757.0,545433.0,433785.0,560682.0,499852.0,0.75,78.1,74.4,4.7
2019-10,2019,10,2019-10-01,London,E12000007,506016,88.6,7901.0,986694.0,604812.0,541848.0,426466.0,552917.0,495738.0,0.75,78.1,74.5,4.6
2019-11,2019,11,2019-11-01,London,E12000007,501829,87.9,7833.0,990235.0,600329.0,541731.0,420646.0,548776.0,491536.0,0.75,78.5,75.1,4.3
2019-12,2019,12,2019-12-01,London,E12000007,512959,89.9,7107.0,994934.0,605146.0,549860.0,433845.0,564300.0,501665.0,0.75,78.5,75.2,4.2
2020-01,2020,1,2020-01-01,London,E12000007,509527,89.3,6527.0,976741.0,600366.0,545159.0,431945.0,561015.0,498196.0,0.75,79.1,75.5,4.5
2020-02,2020,2,2020-02-01,London,E12000007,507956,89.0,6465.0,999839.0,604905.0,548511.0,426206.0,557905.0,496952.0,0.75,79.7,76.2,4.5
2020-03,2020,3,2020-03-01,London,E12000007,516654,90.5,6842.0,1004839.0,612235.0,553011.0,436597.0,569305.0,505071.0,0.75,79.6,75.8,4.8
2020-04,2020,4,2020-04-01,London,E12000007,509754,89.3,3206.0,1009192.0,605806.0,549921.0,427955.0,563125.0,498025.0,0.1,79.4,75.5,4.9
2020-05,2020,5,2020-05-01,London,E12000007,506613,88.7,2929.0,994054.0,602341.0,544391.0,426483.0,553497.0,496260.0,0.1,79,74.6,5.5
2020-06,2020,6,2020-06-01,London,E12000007,513833,90.0,4511.0,992977.0,613671.0,558429.0,430062.0,563097.0,502968.0,0.1,79.4,75.3,5.1
2020-07,2020,7,2020-07-01,London,E12000007,517966,90.7,5988.0,1007513.0,615880.0,559085.0,435364.0,568799.0,506765.0,0.1,80,75.6,5.5
2020-08,2020,8,2020-08-01,London,E12000007,523954,91.8,6148.0,1026800.0,627678.0,570321.0,437230.0,573275.0,513071.0,0.1,79.6,75.1,5.7
2020-09,2020,9,2020-09-01,London,E12000007,528003,92.5,7087.0,1030371.0,630723.0,575246.0,440934.0,576103.0,517376.0,0.1,79.2,74,6.5
2020-10,2020,10,2020-10-01,London,E12000007,520515,91.2,8083.0,1028452.0,626489.0,571831.0,431367.0,563600.0,510969.0,0.1,79.3,73.9,6.8
2020-11,2020,11,2020-11-01,London,E12000007,529444,92.7,7825.0,1050484.0,637779.0,581284.0,438632.0,576505.0,519039.0,0.1,79.7,73.9,7.3
2020-12,2020,12,2020-12-01,London,E12000007,529060,92.7,9201.0,1048235.0,640537.0,583008.0,436892.0,574461.0,519010.0,0.1,79.5,73.5,7.5
2021-01,2021,1,2021-01-01,London,E12000007,529101,92.7,8030.0,1028178.0,633069.0,575732.0,442097.0,574938.0,518958.0,0.1,79.6,73.4,7.7
2021-02,2021,2,2021-02-01,London,E12000007,525153,92.0,10070.0,1019466.0,628394.0,569633.0,439619.0,571132.0,514990.0,0.1,79.5,73.5,7.5
2021-03,2021,3,2021-03-01,London,E12000007,534311,93.6,16466.0,1023764.0,633357.0,577649.0,450063.0,582917.0,523610.0,0.1,79.7,74.1,7.1
2021-04,2021,4,2021-04-01,London,E12000007,523423,91.7,9151.0,1032231.0,629937.0,568226.0,436460.0,568119.0,513518.0,0.1,79.2,73.8,6.8
2021-05,2021,5,2021-05-01,London,E12000007,522672,91.6,7696.0,1032432.0,629779.0,567691.0,435476.0,568364.0,512571.0,0.1,79.1,73.9,6.6
2021-06,2021,6,2021-06-01,London,E12000007,538199,94.3,26412.0,1044162.0,643890.0,591954.0,447070.0,581116.0,528620.0,0.1,79.2,74.1,6.4
2021-07,2021,7,2021-07-01,London,E12000007,529788,92.8,3030.0,1053648.0,627542.0,564200.0,448420.0,594865.0,515905.0,0.1,79.2,74.2,6.3
2021-08,2021,8,2021-08-01,London,E12000007,545831,95.6,6063.0,1094123.0,658035.0,592354.0,454212.0,605431.0,532957.0,0.1,79.2,74.3,6.2
2021-09,2021,9,2021-09-01,London,E12000007,541876,94.9,12748.0,1080050.0,657828.0,594208.0,447568.0,589265.0,531400.0,0.1,79.1,74.3,6
2021-10,2021,10,2021-10-01,London,E12000007,539606,94.5,4935.0,1111134.0,661716.0,587385.0,444620.0,593356.0,527884.0,0.1,78.8,74.3,5.7
2021-11,2021,11,2021-11-01,London,E12000007,547647,95.9,6837.0,1114967.0,667860.0,593226.0,453822.0,603377.0,535520.0,0.1,78.8,74.4,5.6
2021-12,2021,12,2021-12-01,London,E12000007,547837,96.0,7655.0,1110144.0,669304.0,599668.0,451268.0,598904.0,536622.0,0.1,79,74.6,5.6
2022-01,2022,1,2022-01-01,London,E12000007,550635,96.5,6363.0,1115172.0,674273.0,603709.0,452858.0,603656.0,539030.0,0.25,78.8,74.5,5.4
2022-02,2022,2,2022-02-01,London,E12000007,551066,96.5,7143.0,1120979.0,675151.0,599827.0,455139.0,603418.0,539583.0,0.25,78.3,74.5,4.9
2022-03,2022,3,2022-03-01,London,E12000007,550480,96.4,8630.0,1126359.0,678002.0,602636.0,451643.0,603208.0,538930.0,0.5,78.1,74.2,4.9
2022-04,2022,4,2022-04-01,London,E12000007,554765,97.2,7432.0,1126010.0,680406.0,610671.0,454612.0,609703.0,542794.0,0.75,78.1,74.2,5
2022-05,2022,5,2022-05-01,London,E12000007,554380,97.1,7768.0,1137718.0,688592.0,611999.0,450631.0,602714.0,543631.0,0.75,78.4,74.6,4.8
2022-06,2022,6,2022-06-01,London,E12000007,572418,100.3,8528.0,1163283.0,706654.0,631836.0,466965.0,624112.0,560987.0,1.0,77.8,74.1,4.8
2022-07,2022,7,2022-07-01,London,E12000007,575261,100.8,9356.0,1160773.0,709549.0,639419.0,467596.0,627518.0,563717.0,1.25,77.4,73.8,4.6
2022-08,2022,8,2022-08-01,London,E12000007,581320,101.8,9432.0,1182726.0,720113.0,646971.0,470873.0,632171.0,570018.0,1.25,77.5,74.2,4.3
2022-09,2022,9,2022-09-01,London,E12000007,579330,101.5,9508.0,1187582.0,720216.0,644506.0,468325.0,630612.0,567954.0,1.75,77.6,74.2,4.4
2022-10,2022,10,2022-10-01,London,E12000007,573946,100.5,8976.0,1175309.0,714950.0,640019.0,462931.0,619856.0,563590.0,2.25,78,74.5,4.6
2022-11,2022,11,2022-11-01,London,E12000007,575480,100.8,8978.0,1186681.0,718324.0,641610.0,463480.0,625113.0,564423.0,2.25,77.3,73.8,4.5
2022-12,2022,12,2022-12-01,London,E12000007,572384,100.3,8125.0,1177169.0,715829.0,636298.0,461725.0,621514.0,561431.0,3.0,77.6,73.8,4.9
2023-01,2023,1,2023-01-01,London,E12000007,570869,100.0,6046.0,1176283.0,715072.0,632120.0,461366.0,621646.0,559614.0,3.5,77.1,73.3,4.9
2023-02,2023,2,2023-02-01,London,E12000007,563875,98.8,5587.0,1162758.0,703621.0,623137.0,456791.0,612946.0,552986.0,3.5,77.9,73.9,5.1
2023-03,2023,3,2023-03-01,London,E12000007,555361,97.3,6571.0,1144602.0,691159.0,608053.0,452865.0,607019.0,543937.0,4.0,78.6,74.6,5.1
2023-04,2023,4,2023-04-01,London,E12000007,557147,97.6,4330.0,1147277.0,693063.0,615552.0,451930.0,607123.0,546074.0,4.25,78.6,75,4.7
2023-05,2023,5,2023-05-01,London,E12000007,554900,97.2,4835.0,1127937.0,683701.0,610746.0,453179.0,607645.0,543249.0,4.25,77.7,73.7,5.2
2023-06,2023,6,2023-06-01,London,E12000007,556107,97.4,6016.0,1139611.0,687132.0,617007.0,451136.0,609367.0,544347.0,4.5,77.4,73.2,5.3
2023-07,2023,7,2023-07-01,London,E12000007,559703,98.0,6043.0,1148716.0,701941.0,626335.0,449451.0,605263.0,549560.0,5.0,76.3,72.5,5.1
2023-08,2023,8,2023-08-01,London,E12000007,560630,98.2,6988.0,1158495.0,700590.0,627335.0,450401.0,608439.0,550010.0,5.0,76.2,72,5.4
2023-09,2023,9,2023-09-01,London,E12000007,565702,99.1,6912.0,1148975.0,699001.0,631829.0,457504.0,613612.0,555056.0,5.25,76.8,72.8,5.2
2023-10,2023,10,2023-10-01,London,E12000007,555122,97.2,6242.0,1121185.0,686504.0,615130.0,451271.0,605313.0,544007.0,5.25,77.4,73.3,5.3
2023-11,2023,11,2023-11-01,London,E12000007,547757,96.0,6023.0,1122469.0,683330.0,607555.0,443076.0,593918.0,537498.0,5.25,77.5,74,4.4
2023-12,2023,12,2023-12-01,London,E12000007,549112,96.2,5479.0,1112849.0,680704.0,609446.0,445438.0,595906.0,538718.0,5.25,79.2,76,4.1
2024-01,2024,1,2024-01-01,London,E12000007,551097,96.5,5102.0,1114674.0,683824.0,612914.0,446441.0,600366.0,540178.0,5.25,79,76,3.8
2024-02,2024,2,2024-02-01,London,E12000007,546247,95.7,5582.0,1099375.0,677985.0,608497.0,442297.0,591747.0,536319.0,5.25,78.6,75.4,4.1
2024-03,2024,3,2024-03-01,London,E12000007,547437,95.9,5952.0,1099755.0,669457.0,606355.0,446831.0,596018.0,536687.0,5.25,78.3,74.8,4.5
2024-04,2024,4,2024-04-01,London,E12000007,548467,96.1,5730.0,1108170.0,680119.0,608973.0,444870.0,596164.0,537959.0,5.25,77.9,74.1,4.8
2024-05,2024,5,2024-05-01,London,E12000007,553592,97.0,6785.0,1106213.0,681688.0,614656.0,450513.0,600030.0,543443.0,5.25,79.1,74.8,5.5
2024-06,2024,6,2024-06-01,London,E12000007,556853,97.5,6287.0,1117563.0,685162.0,618622.0,452934.0,605102.0,546231.0,5.25,79.5,75,5.6
2024-07,2024,7,2024-07-01,London,E12000007,557831,97.7,7834.0,1131093.0,698511.0,628695.0,447128.0,600549.0,548704.0,5.25,79.8,75.2,5.8
2024-08,2024,8,2024-08-01,London,E12000007,567121,99.3,8392.0,1144551.0,703166.0,636941.0,457091.0,613580.0,557024.0,5.0,80.2,75.6,5.7
2024-09,2024,9,2024-09-01,London,E12000007,566882,99.3,7402.0,1169749.0,711215.0,637408.0,453901.0,612215.0,557088.0,5.0,80.5,75.6,6
2024-10,2024,10,2024-10-01,London,E12000007,560909,98.3,8981.0,1148653.0,702839.0,627946.0,450756.0,604586.0,551537.0,5.0,80.6,75.8,6
2024-11,2024,11,2024-11-01,London,E12000007,559925,98.1,7652.0,1145265.0,702077.0,628742.0,449157.0,604169.0,550395.0,5.0,79.5,74.6,6.2
2024-12,2024,12,2024-12-01,London,E12000007,556882,97.5,6862.0,1142262.0,694670.0,627192.0,446546.0,599167.0,547869.0,4.75,79.1,74.3,6.1
2025-01,2025,1,2025-01-01,London,E12000007,563861,98.8,6665.0,1156257.0,710657.0,637810.0,449606.0,606407.0,554808.0,4.75,79,74.1,6.2
2025-02,2025,2,2025-02-01,London,E12000007,561072,98.3,7285.0,1146897.0,705950.0,634342.0,447868.0,602014.0,552432.0,4.75,79,74,6.4
2025-03,2025,3,2025-03-01,London,E12000007,553812,97.0,16812.0,1107509.0,692870.0,624529.0,444391.0,588659.0,546767.0,4.5,79.4,74.4,6.3
2025-04,2025,4,2025-04-01,London,E12000007,564530,98.9,2868.0,1180037.0,715529.0,632982.0,450701.0,616240.0,553083.0,4.5,79.6,74.4,6.5
2025-05,2025,5,2025-05-01,London,E12000007,564719,98.9,5110.0,1168700.0,712850.0,635448.0,450966.0,614006.0,553901.0,4.5,80.1,74.9,6.5
2025-06,2025,6,2025-06-01,London,E12000007,566934,99.3,6261.0,1173933.0,718708.0,642876.0,450229.0,610959.0,557503.0,4.25,80,74.9,6.3
2025-07,2025,7,2025-07-01,London,E12000007,568801,99.6,7334.0,1162724.0,719581.0,645068.0,452528.0,612067.0,559577.0,4.25,80.4,75.3,6.4
2025-08,2025,8,2025-08-01,London,E12000007,565321,99.0,7081.0,1152594.0,721956.0,649989.0,445242.0,603971.0,557307.0,4.25,79.7,74.7,6.3
2025-09,2025,9,2025-09-01,London,E12000007,562880,98.6,6343.0,1162133.0,719889.0,647607.0,442428.0,603176.0,554419.0,4.0,79.8,74.4,6.7
2025-10,2025,10,2025-10-01,London,E12000007,553684,97.0,6844.0,1155740.0,716763.0,637946.0,432813.0,588680.0,546599.0,4.0,79.2,73.8,6.8
2025-11,2025,11,2025-11-01,London,E12000007,557252,97.6,5692.0,1158261.0,718685.0,643625.0,435692.0,594052.0,549698.0,4.0,79.6,73.9,7.2
2025-12,2025,12,2025-12-01,London,E12000007,547969,96.0,4833.0,1146414.0,710466.0,632004.0,427813.0,581381.0,541285.0,4.0,79.7,73.7,7.5
2026-01,2026,1,2026-01-01,London,E12000007,551438,96.6,3947.0,1145610.0,714815.0,642004.0,428637.0,587213.0,544135.0,3.75,80.2,73.8,7.9
2026-02,2026,2,2026-02-01,London,E12000007,542175,95.0,3792.0,1134882.0,706321.0,626609.0,422209.0,575652.0,535416.0,3.75,80.2,74.4,7.2
2026-03,2026,3,2026-03-01,London,E12000007,542378,95.0,,1132150.0,708374.0,632303.0,420157.0,571370.0,536739.0,3.75,80,74.1,7.4
2026-04,2026,4,2026-04-01,London,E12000007,552655,96.8,,1159487.0,715926.0,637506.0,431455.0,587912.0,545484.0,3.75,79.7,74.2,6.9
2015-01,2015,1,2015-01-01,North East,E12000001,110842,73.5,2417.0,196994.0,113791.0,91289.0,78323.0,104354.0,113867.0,0.5,75.8,70,7.7
2015-02,2015,2,2015-02-01,North East,E12000001,112138,74.4,2290.0,199210.0,114644.0,92636.0,79578.0,105528.0,115226.0,0.5,75.5,69.6,7.8
2015-03,2015,3,2015-03-01,North East,E12000001,111241,73.8,2829.0,198751.0,114206.0,91106.0,79233.0,104383.0,114479.0,0.5,74.7,68.9,7.8
2015-04,2015,4,2015-04-01,North East,E12000001,115045,76.3,2718.0,205244.0,117628.0,94929.0,81249.0,108186.0,118258.0,0.5,74.8,69,7.7
2015-05,2015,5,2015-05-01,North East,E12000001,114110,75.7,3303.0,202106.0,117072.0,94175.0,80792.0,107348.0,117273.0,0.5,74.3,68.4,7.9
2015-06,2015,6,2015-06-01,North East,E12000001,115977,76.9,3735.0,205528.0,119054.0,96154.0,80667.0,109237.0,119115.0,0.5,74,67.8,8.4
2015-07,2015,7,2015-07-01,North East,E12000001,116059,77.0,3739.0,206572.0,119167.0,95684.0,81456.0,109231.0,119246.0,0.5,74.5,67.9,8.8
2015-08,2015,8,2015-08-01,North East,E12000001,116959,77.6,3198.0,208294.0,119809.0,96572.0,82210.0,110229.0,120085.0,0.5,74.8,68.1,9
2015-09,2015,9,2015-09-01,North East,E12000001,116659,77.4,3289.0,209211.0,119208.0,96015.0,82400.0,109919.0,119791.0,0.5,75,68.3,8.9
2015-10,2015,10,2015-10-01,North East,E12000001,114964,76.2,3582.0,204712.0,117908.0,94501.0,81702.0,108025.0,118224.0,0.5,75.3,68.6,8.9
2015-11,2015,11,2015-11-01,North East,E12000001,116401,77.2,3403.0,207751.0,119832.0,95646.0,81472.0,109388.0,119695.0,0.5,76,69.9,8
2015-12,2015,12,2015-12-01,North East,E12000001,116936,77.5,3351.0,210144.0,120004.0,96162.0,81369.0,109923.0,120225.0,0.5,76.7,70.6,8
2016-01,2016,1,2016-01-01,North East,E12000001,114570,76.0,2451.0,203507.0,118154.0,94095.0,80610.0,107597.0,117852.0,0.5,76.5,70.6,7.7
2016-02,2016,2,2016-02-01,North East,E12000001,114559,76.0,2627.0,203794.0,117875.0,94364.0,80183.0,107789.0,117724.0,0.5,76.4,70.3,8
2016-03,2016,3,2016-03-01,North East,E12000001,116217,77.1,4535.0,208139.0,118903.0,95567.0,82213.0,109678.0,119237.0,0.5,76.3,70.2,7.9
2016-04,2016,4,2016-04-01,North East,E12000001,115881,76.8,2381.0,206362.0,119504.0,95377.0,80570.0,108574.0,119349.0,0.5,76,70.5,7.3
2016-05,2016,5,2016-05-01,North East,E12000001,117976,78.2,2756.0,208610.0,121086.0,97206.0,84133.0,110576.0,121484.0,0.5,76.6,70.8,7.6
2016-06,2016,6,2016-06-01,North East,E12000001,120059,79.6,3499.0,214180.0,122967.0,99108.0,84217.0,112924.0,123399.0,0.5,77,70.9,7.8
2016-07,2016,7,2016-07-01,North East,E12000001,120828,80.1,3511.0,215187.0,123657.0,99807.0,85066.0,113726.0,124143.0,0.5,76.9,70.9,7.8
2016-08,2016,8,2016-08-01,North East,E12000001,119319,79.1,3241.0,212266.0,122108.0,98347.0,84792.0,112247.0,122627.0,0.5,76.5,71.1,7.1
2016-09,2016,9,2016-09-01,North East,E12000001,118057,78.3,3370.0,210876.0,120949.0,97104.0,83515.0,111152.0,121276.0,0.25,75.9,71,6.5
2016-10,2016,10,2016-10-01,North East,E12000001,117519,77.9,3061.0,211283.0,120738.0,95775.0,83846.0,110294.0,120929.0,0.25,75.8,70.7,6.6
2016-11,2016,11,2016-11-01,North East,E12000001,118179,78.4,3366.0,213346.0,121333.0,96192.0,84173.0,111015.0,121547.0,0.25,75.7,70.5,6.8
2016-12,2016,12,2016-12-01,North East,E12000001,119525,79.3,3661.0,214535.0,122395.0,97836.0,85229.0,112210.0,122973.0,0.25,75.6,70.4,6.9
2017-01,2017,1,2017-01-01,North East,E12000001,115477,76.6,2581.0,208672.0,118452.0,93968.0,82401.0,108224.0,118917.0,0.25,75.9,70.8,6.8
2017-02,2017,2,2017-02-01,North East,E12000001,117401,77.8,2701.0,211771.0,120106.0,95828.0,83908.0,110524.0,120607.0,0.25,75.5,70.6,6.6
2017-03,2017,3,2017-03-01,North East,E12000001,115290,76.4,3530.0,209034.0,118194.0,93831.0,81877.0,108317.0,118567.0,0.25,76.1,71.5,6
2017-04,2017,4,2017-04-01,North East,E12000001,118166,78.4,3011.0,212653.0,121212.0,96244.0,84697.0,110848.0,121625.0,0.25,76.4,72.2,5.5
2017-05,2017,5,2017-05-01,North East,E12000001,120226,79.7,3088.0,214200.0,123470.0,98167.0,86716.0,113043.0,123592.0,0.25,77.2,72.5,6.1
2017-06,2017,6,2017-06-01,North East,E12000001,121193,80.4,4245.0,216164.0,123724.0,99742.0,86644.0,114219.0,124430.0,0.25,77.2,72.4,6.3
2017-07,2017,7,2017-07-01,North East,E12000001,121086,80.3,3452.0,216888.0,124033.0,99131.0,86460.0,114015.0,124380.0,0.25,76.7,71.9,6.3
2017-08,2017,8,2017-08-01,North East,E12000001,122746,81.4,3486.0,219206.0,125424.0,100872.0,87727.0,115713.0,126008.0,0.25,77,72.3,6
2017-09,2017,9,2017-09-01,North East,E12000001,120655,80.0,3562.0,217125.0,123371.0,98965.0,85392.0,113459.0,124024.0,0.25,77.2,72.8,5.7
2017-10,2017,10,2017-10-01,North East,E12000001,121660,80.7,3537.0,217824.0,125251.0,99253.0,86552.0,114079.0,125248.0,0.25,77.1,72.5,5.9
2017-11,2017,11,2017-11-01,North East,E12000001,120275,79.8,3661.0,214967.0,123617.0,98371.0,85591.0,113119.0,123625.0,0.25,76.2,72.2,5.3
2017-12,2017,12,2017-12-01,North East,E12000001,123106,81.6,3664.0,220421.0,126539.0,100862.0,86809.0,115874.0,126480.0,0.5,76,72,5.3
2018-01,2018,1,2018-01-01,North East,E12000001,117478,77.9,2523.0,211270.0,121170.0,95363.0,83769.0,109966.0,121055.0,0.5,75.9,72,5.2
2018-02,2018,2,2018-02-01,North East,E12000001,119630,79.3,2535.0,216850.0,122668.0,97446.0,84501.0,112132.0,123183.0,0.5,77,73.3,4.8
2018-03,2018,3,2018-03-01,North East,E12000001,117354,77.8,3213.0,210315.0,120824.0,95825.0,83233.0,110039.0,120816.0,0.5,77.2,73.5,4.8
2018-04,2018,4,2018-04-01,North East,E12000001,121414,80.5,2867.0,217898.0,124999.0,99408.0,85098.0,113886.0,124973.0,0.5,76.6,73.1,4.5
2018-05,2018,5,2018-05-01,North East,E12000001,121896,80.8,3301.0,218735.0,125593.0,100057.0,84527.0,114718.0,125249.0,0.5,75.2,71.5,4.9
2018-06,2018,6,2018-06-01,North East,E12000001,121148,80.3,4050.0,215615.0,125319.0,98759.0,86380.0,113440.0,124815.0,0.5,74.5,71.1,4.5
2018-07,2018,7,2018-07-01,North East,E12000001,124172,82.3,3460.0,223790.0,127792.0,101768.0,86017.0,116698.0,127680.0,0.5,74.2,70.8,4.6
2018-08,2018,8,2018-08-01,North East,E12000001,123349,81.8,3935.0,221418.0,126933.0,101081.0,86295.0,115852.0,126878.0,0.5,74.9,71.4,4.6
2018-09,2018,9,2018-09-01,North East,E12000001,123205,81.7,3115.0,221015.0,126925.0,100861.0,86286.0,115663.0,126760.0,0.75,75,71.1,5.2
2018-10,2018,10,2018-10-01,North East,E12000001,123712,82.0,3560.0,222568.0,127540.0,101025.0,86563.0,115970.0,127380.0,0.75,75.8,71.5,5.7
2018-11,2018,11,2018-11-01,North East,E12000001,121948,80.9,3829.0,218534.0,125897.0,99671.0,85441.0,114348.0,125545.0,0.75,76,71.8,5.5
2018-12,2018,12,2018-12-01,North East,E12000001,121760,80.7,3358.0,217771.0,125765.0,99423.0,85817.0,114170.0,125353.0,0.75,76,71.9,5.4
2019-01,2019,1,2019-01-01,North East,E12000001,118687,78.7,2538.0,215025.0,122838.0,96090.0,82986.0,110947.0,122390.0,0.75,76.3,72.5,5
2019-02,2019,2,2019-02-01,North East,E12000001,117822,78.1,2617.0,213529.0,121768.0,95611.0,82081.0,110013.0,121564.0,0.75,75.2,71,5.6
2019-03,2019,3,2019-03-01,North East,E12000001,117948,78.2,3337.0,212382.0,122415.0,95982.0,81401.0,110176.0,121669.0,0.75,75,70.9,5.5
2019-04,2019,4,2019-04-01,North East,E12000001,121919,80.8,2807.0,219418.0,126038.0,99916.0,83396.0,114327.0,125532.0,0.75,74.6,70.4,5.7
2019-05,2019,5,2019-05-01,North East,E12000001,121907,80.8,3338.0,217885.0,126459.0,99849.0,83879.0,113904.0,125737.0,0.75,74.6,70.4,5.6
2019-06,2019,6,2019-06-01,North East,E12000001,122531,81.2,3628.0,218616.0,126886.0,100297.0,85352.0,115068.0,126076.0,0.75,75,70.9,5.4
2019-07,2019,7,2019-07-01,North East,E12000001,122847,81.5,3467.0,221313.0,126725.0,100444.0,85128.0,115001.0,126591.0,0.75,75,71.1,5.1
2019-08,2019,8,2019-08-01,North East,E12000001,124357,82.5,3708.0,222145.0,128212.0,102392.0,85983.0,116431.0,128138.0,0.75,76,71.4,6
2019-09,2019,9,2019-09-01,North East,E12000001,124808,82.8,3252.0,222467.0,128382.0,102764.0,87425.0,116842.0,128609.0,0.75,76,71.4,6
2019-10,2019,10,2019-10-01,North East,E12000001,122347,81.1,3444.0,219447.0,127332.0,99694.0,84003.0,114474.0,126108.0,0.75,75.8,71.1,6.2
2019-11,2019,11,2019-11-01,North East,E12000001,122515,81.2,3904.0,218670.0,127301.0,100224.0,84425.0,114657.0,126267.0,0.75,76.2,71.6,6.1
2019-12,2019,12,2019-12-01,North East,E12000001,122342,81.1,3370.0,218261.0,126997.0,100414.0,83743.0,114870.0,125891.0,0.75,76.1,71.5,6
2020-01,2020,1,2020-01-01,North East,E12000001,120484,79.9,2733.0,217776.0,125272.0,97977.0,82103.0,112189.0,124474.0,0.75,76.7,71.9,6.2
2020-02,2020,2,2020-02-01,North East,E12000001,120149,79.7,2604.0,215569.0,124566.0,98348.0,82440.0,112656.0,123746.0,0.75,77,72.6,5.7
2020-03,2020,3,2020-03-01,North East,E12000001,121391,80.5,2623.0,219749.0,125945.0,98966.0,82295.0,113700.0,125085.0,0.75,76.4,72.1,5.7
2020-04,2020,4,2020-04-01,North East,E12000001,116581,77.3,1003.0,211097.0,120731.0,95119.0,79314.0,108412.0,120513.0,0.1,76.9,73,5.1
2020-05,2020,5,2020-05-01,North East,E12000001,121101,80.3,1557.0,219147.0,125720.0,98598.0,82385.0,112871.0,125058.0,0.1,77.3,73.5,4.9
2020-06,2020,6,2020-06-01,North East,E12000001,122678,81.3,2395.0,219445.0,127331.0,100685.0,83678.0,115139.0,126297.0,0.1,76.7,72.8,5.1
2020-07,2020,7,2020-07-01,North East,E12000001,123730,82.0,2733.0,221512.0,128331.0,101265.0,85311.0,115321.0,127774.0,0.1,76.9,72.7,5.4
2020-08,2020,8,2020-08-01,North East,E12000001,124454,82.5,2920.0,225108.0,129406.0,101514.0,83693.0,116262.0,128392.0,0.1,76.5,71.1,7.1
2020-09,2020,9,2020-09-01,North East,E12000001,127530,84.6,3063.0,230093.0,131773.0,104662.0,86489.0,119437.0,131417.0,0.1,76.3,70.9,7.2
2020-10,2020,10,2020-10-01,North East,E12000001,127455,84.5,3921.0,230362.0,131936.0,104455.0,85860.0,119344.0,131350.0,0.1,76.2,70.8,7.1
2020-11,2020,11,2020-11-01,North East,E12000001,129955,86.2,3675.0,233929.0,134322.0,106971.0,87602.0,121914.0,133815.0,0.1,75.7,70.9,6.4
2020-12,2020,12,2020-12-01,North East,E12000001,131490,87.2,3883.0,237317.0,135833.0,108451.0,87551.0,123652.0,135251.0,0.1,75.9,71.1,6.4
2021-01,2021,1,2021-01-01,North East,E12000001,132623,87.9,3180.0,234740.0,137228.0,109897.0,90919.0,124817.0,136367.0,0.1,75.8,71.1,6.2
2021-02,2021,2,2021-02-01,North East,E12000001,133797,88.7,3733.0,236211.0,138221.0,111135.0,92070.0,126121.0,137478.0,0.1,76.4,71.8,6
2021-03,2021,3,2021-03-01,North East,E12000001,136174,90.3,4888.0,240234.0,140174.0,113344.0,94396.0,128239.0,139980.0,0.1,76.2,71.6,6
2021-04,2021,4,2021-04-01,North East,E12000001,133960,88.8,3662.0,237576.0,138033.0,111158.0,92324.0,126140.0,137712.0,0.1,75.8,71.1,6.3
2021-05,2021,5,2021-05-01,North East,E12000001,133791,88.7,3400.0,237500.0,137953.0,111371.0,90769.0,126282.0,137390.0,0.1,75.6,71.3,5.6
2021-06,2021,6,2021-06-01,North East,E12000001,145095,96.2,5717.0,253118.0,148559.0,122733.0,99679.0,137755.0,148606.0,0.1,75,70.8,5.6
2021-07,2021,7,2021-07-01,North East,E12000001,134393,89.1,3678.0,239289.0,139377.0,111115.0,90765.0,126709.0,138077.0,0.1,75.1,71.2,5.1
2021-08,2021,8,2021-08-01,North East,E12000001,137004,90.8,4051.0,242985.0,142093.0,113729.0,92117.0,128944.0,140870.0,0.1,74.6,70.6,5.5
2021-09,2021,9,2021-09-01,North East,E12000001,146908,97.4,5805.0,257853.0,151392.0,123468.0,99343.0,139277.0,150559.0,0.1,74,69.9,5.5
2021-10,2021,10,2021-10-01,North East,E12000001,136801,90.7,3387.0,246233.0,141373.0,112755.0,92083.0,128620.0,140727.0,0.1,74,69.7,5.8
2021-11,2021,11,2021-11-01,North East,E12000001,138405,91.8,3700.0,247543.0,143476.0,114151.0,93374.0,129844.0,142516.0,0.1,74.4,69.9,6.1
2021-12,2021,12,2021-12-01,North East,E12000001,140230,93.0,4060.0,248792.0,144782.0,117093.0,93819.0,132273.0,144044.0,0.1,75,70.7,5.7
2022-01,2022,1,2022-01-01,North East,E12000001,140576,93.2,2862.0,251403.0,145822.0,116241.0,93803.0,132316.0,144538.0,0.25,74.7,70.3,5.8
2022-02,2022,2,2022-02-01,North East,E12000001,140762,93.3,3211.0,249874.0,146059.0,116571.0,95072.0,132261.0,144841.0,0.25,74,69.9,5.5
2022-03,2022,3,2022-03-01,North East,E12000001,143435,95.1,3772.0,256186.0,148651.0,118737.0,95955.0,134794.0,147582.0,0.5,74.4,70.5,5.2
2022-04,2022,4,2022-04-01,North East,E12000001,144411,95.8,3351.0,256711.0,149350.0,120277.0,96252.0,135826.0,148530.0,0.75,74.8,70.9,5.3
2022-05,2022,5,2022-05-01,North East,E12000001,145424,96.4,3466.0,257486.0,151311.0,120751.0,96823.0,136490.0,149711.0,0.75,74.9,71.2,4.9
2022-06,2022,6,2022-06-01,North East,E12000001,147826,98.0,3611.0,261530.0,153024.0,123345.0,98694.0,138934.0,152093.0,1.0,74.8,71,5.1
2022-07,2022,7,2022-07-01,North East,E12000001,151552,100.5,3811.0,268179.0,157123.0,126701.0,99753.0,142589.0,155851.0,1.25,74.2,70.7,4.7
2022-08,2022,8,2022-08-01,North East,E12000001,151747,100.6,4093.0,269512.0,157006.0,126833.0,99812.0,142839.0,156020.0,1.25,73.8,70.3,4.8
2022-09,2022,9,2022-09-01,North East,E12000001,152937,101.4,4018.0,271218.0,158219.0,128016.0,100451.0,144077.0,157187.0,1.75,74.1,70.8,4.5
2022-10,2022,10,2022-10-01,North East,E12000001,153663,101.9,3815.0,273667.0,159213.0,128228.0,100446.0,144882.0,157875.0,2.25,74.1,70.3,5.1
2022-11,2022,11,2022-11-01,North East,E12000001,153022,101.5,3941.0,272203.0,158499.0,127580.0,100801.0,143774.0,157459.0,2.25,74.3,70.5,5.1
2022-12,2022,12,2022-12-01,North East,E12000001,152252,101.0,3912.0,270297.0,157710.0,127267.0,99770.0,143512.0,156444.0,3.0,73.5,69.9,4.9
2023-01,2023,1,2023-01-01,North East,E12000001,150814,100.0,2738.0,270218.0,156952.0,124929.0,98219.0,141462.0,155301.0,3.5,74.2,70.7,4.7
2023-02,2023,2,2023-02-01,North East,E12000001,147783,98.0,2602.0,265216.0,153068.0,122005.0,98418.0,138619.0,152180.0,3.5,75.5,71.9,4.7
2023-03,2023,3,2023-03-01,North East,E12000001,144993,96.1,2983.0,261740.0,150820.0,119198.0,95792.0,135958.0,149330.0,4.0,76.6,73,4.7
2023-04,2023,4,2023-04-01,North East,E12000001,147442,97.8,2234.0,265559.0,153279.0,121257.0,97804.0,138146.0,151906.0,4.25,77.2,74.1,4.1
2023-05,2023,5,2023-05-01,North East,E12000001,146913,97.4,2448.0,262306.0,152630.0,121320.0,97681.0,137670.0,151352.0,4.25,76.7,73.9,3.6
2023-06,2023,6,2023-06-01,North East,E12000001,149448,99.1,3314.0,265699.0,154881.0,124394.0,98199.0,140403.0,153784.0,4.5,77.4,74.1,4.2
2023-07,2023,7,2023-07-01,North East,E12000001,150021,99.5,2906.0,268018.0,155749.0,124430.0,98441.0,140551.0,154569.0,5.0,77.2,73.3,5.1
2023-08,2023,8,2023-08-01,North East,E12000001,154429,102.4,3127.0,274815.0,159724.0,128539.0,101912.0,144736.0,159083.0,5.0,74.1,70.5,4.8
2023-09,2023,9,2023-09-01,North East,E12000001,151607,100.5,3094.0,269543.0,157379.0,126289.0,98882.0,142172.0,156136.0,5.25,74.4,70.8,4.8
2023-10,2023,10,2023-10-01,North East,E12000001,150966,100.1,2957.0,268312.0,156439.0,125643.0,99307.0,141673.0,155423.0,5.25,73.2,70.2,4.1
2023-11,2023,11,2023-11-01,North East,E12000001,150866,100.0,2991.0,271134.0,156777.0,124682.0,98941.0,141563.0,155328.0,5.25,74.6,71.3,4.4
2023-12,2023,12,2023-12-01,North East,E12000001,151215,100.3,2885.0,268638.0,157156.0,125843.0,98716.0,141953.0,155658.0,5.25,74.4,71.5,4
2024-01,2024,1,2024-01-01,North East,E12000001,147973,98.1,2122.0,266037.0,152967.0,122661.0,97520.0,139094.0,152228.0,5.25,73.1,70.2,3.9
2024-02,2024,2,2024-02-01,North East,E12000001,148690,98.6,2365.0,262519.0,154348.0,124015.0,98057.0,139491.0,153135.0,5.25,73,70.3,3.6
2024-03,2024,3,2024-03-01,North East,E12000001,147221,97.6,2837.0,262031.0,152357.0,122527.0,97247.0,138319.0,151496.0,5.25,72.7,69.3,4.7
2024-04,2024,4,2024-04-01,North East,E12000001,146629,97.2,2613.0,258310.0,152243.0,121747.0,98395.0,137259.0,151197.0,5.25,73.2,70,4.3
2024-05,2024,5,2024-05-01,North East,E12000001,149642,99.2,3155.0,265250.0,155153.0,124526.0,99039.0,140621.0,153969.0,5.25,73.2,69.7,4.8
2024-06,2024,6,2024-06-01,North East,E12000001,151871,100.7,3139.0,267674.0,156831.0,127617.0,99756.0,143085.0,156037.0,5.25,73.2,69.5,5
2024-07,2024,7,2024-07-01,North East,E12000001,151703,100.6,3197.0,268530.0,157326.0,126866.0,99045.0,142292.0,156255.0,5.25,74,69.5,6
2024-08,2024,8,2024-08-01,North East,E12000001,153371,101.7,3600.0,270606.0,158631.0,128525.0,100916.0,144031.0,157866.0,5.0,73.9,69.4,6.1
2024-09,2024,9,2024-09-01,North East,E12000001,156297,103.6,3205.0,278357.0,162017.0,130663.0,101170.0,147139.0,160656.0,5.0,74.9,70.7,5.6
2024-10,2024,10,2024-10-01,North East,E12000001,155424,103.1,3627.0,276784.0,160716.0,129811.0,101690.0,146170.0,159848.0,5.0,72.8,68.9,5.4
2024-11,2024,11,2024-11-01,North East,E12000001,155962,103.4,3744.0,275102.0,162363.0,130435.0,101237.0,146457.0,160536.0,5.0,74.4,70.3,5.5
2024-12,2024,12,2024-12-01,North East,E12000001,158022,104.8,3423.0,283234.0,163723.0,132244.0,100935.0,148541.0,162565.0,4.75,73.4,69.8,4.9
2025-01,2025,1,2025-01-01,North East,E12000001,154863,102.7,2824.0,276842.0,160657.0,129049.0,100322.0,145002.0,159666.0,4.75,73.4,70,4.6
2025-02,2025,2,2025-02-01,North East,E12000001,157310,104.3,3093.0,279295.0,163333.0,131716.0,101531.0,147545.0,162051.0,4.75,72.7,69.4,4.6
2025-03,2025,3,2025-03-01,North East,E12000001,163542,108.4,5008.0,285722.0,169013.0,138175.0,107715.0,154120.0,168072.0,4.5,71.5,67.8,5.1
2025-04,2025,4,2025-04-01,North East,E12000001,148461,98.4,2002.0,268764.0,154958.0,122394.0,95024.0,138258.0,153477.0,4.5,72.1,68.6,5
2025-05,2025,5,2025-05-01,North East,E12000001,154511,102.5,3032.0,276452.0,160514.0,129007.0,98828.0,144346.0,159482.0,4.5,72,68.8,4.4
2025-06,2025,6,2025-06-01,North East,E12000001,158448,105.1,3528.0,281958.0,164897.0,132772.0,100741.0,148639.0,163208.0,4.25,72.4,68.8,4.9
2025-07,2025,7,2025-07-01,North East,E12000001,159086,105.5,3390.0,283882.0,165408.0,133133.0,101279.0,149203.0,163884.0,4.25,72.7,68.8,5.3
2025-08,2025,8,2025-08-01,North East,E12000001,160561,106.5,3065.0,286351.0,167581.0,134066.0,101805.0,150194.0,165618.0,4.25,73.5,68.8,6.3
2025-09,2025,9,2025-09-01,North East,E12000001,160801,106.6,2696.0,286967.0,167460.0,134819.0,101200.0,150606.0,165763.0,4.0,73.6,68.9,6.4
2025-10,2025,10,2025-10-01,North East,E12000001,162717,107.9,3127.0,291098.0,169684.0,136341.0,101627.0,152707.0,167570.0,4.0,74.8,70.3,6.1
2025-11,2025,11,2025-11-01,North East,E12000001,166004,110.1,2667.0,297369.0,172642.0,139128.0,104235.0,155361.0,171191.0,4.0,74.3,69.4,6.6
2025-12,2025,12,2025-12-01,North East,E12000001,162610,107.8,2318.0,287913.0,169056.0,137210.0,102504.0,152639.0,167442.0,4.0,74.3,69.1,7.1
2026-01,2026,1,2026-01-01,North East,E12000001,158758,105.3,1743.0,279602.0,166391.0,133579.0,99483.0,148759.0,163621.0,3.75,75.5,70.1,7.2
2026-02,2026,2,2026-02-01,North East,E12000001,162983,108.1,1786.0,290613.0,170574.0,136554.0,101042.0,152584.0,168044.0,3.75,75.8,71.3,6
2026-03,2026,3,2026-03-01,North East,E12000001,162046,107.4,,288173.0,169858.0,136265.0,99270.0,151621.0,167122.0,3.75,76.2,72,5.5
2026-04,2026,4,2026-04-01,North East,E12000001,163190,108.2,,289527.0,170778.0,136673.0,102614.0,152390.0,168458.0,3.75,74.9,71.1,5.1
2015-01,2015,1,2015-01-01,North West,E12000002,126599,64.1,6522.0,232635.0,136082.0,98431.0,89734.0,122885.0,128123.0,0.5,75.9,71.1,6.4
2015-02,2015,2,2015-02-01,North West,E12000002,127622,64.6,7063.0,234768.0,136714.0,99389.0,90747.0,124016.0,129087.0,0.5,76.1,71.5,6
2015-03,2015,3,2015-03-01,North West,E12000002,125873,63.7,8391.0,232114.0,135427.0,97541.0,89329.0,122155.0,127403.0,0.5,76,71.5,5.8
2015-04,2015,4,2015-04-01,North West,E12000002,127729,64.7,7762.0,235711.0,137218.0,99373.0,89860.0,123867.0,129329.0,0.5,76.1,71.7,5.9
2015-05,2015,5,2015-05-01,North West,E12000002,129973,65.8,9106.0,237114.0,139795.0,101453.0,92035.0,126181.0,131528.0,0.5,75.8,71.2,6.1
2015-06,2015,6,2015-06-01,North West,E12000002,129481,65.6,9844.0,236488.0,139601.0,101373.0,90055.0,125531.0,131120.0,0.5,75.8,71.1,6.2
2015-07,2015,7,2015-07-01,North West,E12000002,131688,66.7,11048.0,240666.0,141695.0,102801.0,92835.0,127621.0,133382.0,0.5,75.7,71.4,5.7
2015-08,2015,8,2015-08-01,North West,E12000002,132574,67.1,9861.0,243371.0,142802.0,103076.0,93571.0,128571.0,134232.0,0.5,75.9,71.6,5.6
2015-09,2015,9,2015-09-01,North West,E12000002,132859,67.3,9734.0,245257.0,142539.0,103285.0,93991.0,128778.0,134557.0,0.5,76.5,72.4,5.4
2015-10,2015,10,2015-10-01,North West,E12000002,132220,66.9,10998.0,243825.0,142688.0,102557.0,92743.0,128087.0,133947.0,0.5,76.5,72.6,5.2
2015-11,2015,11,2015-11-01,North West,E12000002,132916,67.3,9764.0,244451.0,143171.0,103386.0,93389.0,128926.0,134565.0,0.5,77,73.1,5
2015-12,2015,12,2015-12-01,North West,E12000002,132950,67.3,9806.0,244778.0,143234.0,103372.0,93297.0,128718.0,134726.0,0.5,77,73.1,5
2016-01,2016,1,2016-01-01,North West,E12000002,133204,67.4,7255.0,244894.0,144116.0,103124.0,93764.0,128917.0,135008.0,0.5,77,73.2,5
2016-02,2016,2,2016-02-01,North West,E12000002,133083,67.4,8119.0,244996.0,143478.0,103337.0,93594.0,129024.0,134768.0,0.5,77.1,73.2,5
2016-03,2016,3,2016-03-01,North West,E12000002,131630,66.6,14602.0,243779.0,141474.0,101792.0,93574.0,127709.0,133247.0,0.5,77,73.2,5
2016-04,2016,4,2016-04-01,North West,E12000002,136500,69.1,7127.0,249502.0,147190.0,106258.0,96405.0,131900.0,138460.0,0.5,76.7,72.8,5.1
2016-05,2016,5,2016-05-01,North West,E12000002,137497,69.6,7780.0,250403.0,147886.0,107081.0,98325.0,133093.0,139349.0,0.5,76.6,72.7,5.1
2016-06,2016,6,2016-06-01,North West,E12000002,137892,69.8,9313.0,252982.0,148176.0,107456.0,97431.0,133500.0,139735.0,0.5,76.3,72.5,5.1
2016-07,2016,7,2016-07-01,North West,E12000002,139906,70.8,10423.0,255321.0,150460.0,109214.0,99024.0,135432.0,141787.0,0.5,76.8,72.8,5.2
2016-08,2016,8,2016-08-01,North West,E12000002,139750,70.8,10215.0,255068.0,150506.0,108713.0,99512.0,135385.0,141574.0,0.5,76.7,72.6,5.3
2016-09,2016,9,2016-09-01,North West,E12000002,139624,70.7,9874.0,256053.0,150492.0,108341.0,99121.0,135074.0,141545.0,0.25,76.3,72.2,5.3
2016-10,2016,10,2016-10-01,North West,E12000002,138036,69.9,9427.0,254505.0,149351.0,106104.0,98756.0,133365.0,140028.0,0.25,76.6,72.5,5.3
2016-11,2016,11,2016-11-01,North West,E12000002,139331,70.5,10014.0,256680.0,150144.0,107354.0,100284.0,134829.0,141228.0,0.25,77.1,73,5.3
2016-12,2016,12,2016-12-01,North West,E12000002,139179,70.5,10679.0,255411.0,149698.0,107711.0,100078.0,134588.0,141124.0,0.25,77.1,73.2,5.1
2017-01,2017,1,2017-01-01,North West,E12000002,139003,70.4,7558.0,256254.0,149891.0,107021.0,99960.0,134378.0,140966.0,0.25,77,73.2,4.9
2017-02,2017,2,2017-02-01,North West,E12000002,140482,71.1,8018.0,257634.0,150529.0,108524.0,102773.0,136116.0,142312.0,0.25,77.1,73.6,4.5
2017-03,2017,3,2017-03-01,North West,E12000002,139230,70.5,10049.0,256850.0,149962.0,106930.0,101074.0,134580.0,141206.0,0.25,77.4,74,4.4
2017-04,2017,4,2017-04-01,North West,E12000002,141652,71.7,8078.0,260726.0,152314.0,109319.0,102268.0,137175.0,143534.0,0.25,77.3,74,4.3
2017-05,2017,5,2017-05-01,North West,E12000002,142498,72.1,9525.0,259581.0,153711.0,110002.0,103623.0,138024.0,144377.0,0.25,77.4,74,4.5
2017-06,2017,6,2017-06-01,North West,E12000002,144298,73.1,11140.0,261858.0,155362.0,111566.0,105694.0,139485.0,146343.0,0.25,77.5,74.3,4.1
2017-07,2017,7,2017-07-01,North West,E12000002,145880,73.9,10112.0,265474.0,156944.0,112911.0,106257.0,141374.0,147768.0,0.25,77.4,74.2,4.1
2017-08,2017,8,2017-08-01,North West,E12000002,147268,74.6,10927.0,267742.0,158159.0,114175.0,107463.0,142519.0,149272.0,0.25,77.3,73.9,4.4
2017-09,2017,9,2017-09-01,North West,E12000002,146802,74.3,10879.0,268794.0,157652.0,113614.0,106425.0,141919.0,148875.0,0.25,77.2,73.8,4.3
2017-10,2017,10,2017-10-01,North West,E12000002,146383,74.1,10428.0,268237.0,158009.0,112800.0,105749.0,141468.0,148472.0,0.25,76.9,73.6,4.3
2017-11,2017,11,2017-11-01,North West,E12000002,146851,74.3,10652.0,268405.0,158420.0,113077.0,106954.0,142112.0,148852.0,0.25,77.3,74.1,4.1
2017-12,2017,12,2017-12-01,North West,E12000002,147837,74.8,10472.0,268898.0,159516.0,114520.0,106606.0,142764.0,150002.0,0.5,76.9,73.6,4.2
2018-01,2018,1,2018-01-01,North West,E12000002,144796,73.3,7548.0,265367.0,156762.0,111189.0,104740.0,139598.0,147031.0,0.5,77.3,74,4.2
2018-02,2018,2,2018-02-01,North West,E12000002,146586,74.2,8121.0,269110.0,157844.0,113099.0,105991.0,141273.0,148875.0,0.5,76.9,73.7,4.1
2018-03,2018,3,2018-03-01,North West,E12000002,144823,73.3,9632.0,266324.0,156530.0,111920.0,102878.0,139510.0,147118.0,0.5,77.1,73.7,4.4
2018-04,2018,4,2018-04-01,North West,E12000002,146818,74.3,8142.0,268624.0,158710.0,113807.0,104335.0,141363.0,149181.0,0.5,76.7,73.5,4.2
2018-05,2018,5,2018-05-01,North West,E12000002,147799,74.8,9330.0,269405.0,159568.0,114848.0,105415.0,142330.0,150166.0,0.5,77.6,74.4,4.1
2018-06,2018,6,2018-06-01,North West,E12000002,149186,75.5,10916.0,271787.0,161441.0,115568.0,106681.0,143744.0,151535.0,0.5,77.6,74.3,4.2
2018-07,2018,7,2018-07-01,North West,E12000002,151077,76.5,9863.0,277025.0,163434.0,116930.0,107165.0,145506.0,153487.0,0.5,78,74.3,4.7
2018-08,2018,8,2018-08-01,North West,E12000002,151772,76.8,11323.0,277552.0,164081.0,117657.0,107893.0,146281.0,154137.0,0.5,78,74.6,4.4
2018-09,2018,9,2018-09-01,North West,E12000002,151750,76.8,9316.0,278336.0,164210.0,117114.0,108320.0,146060.0,154219.0,0.75,78.2,75,4.2
2018-10,2018,10,2018-10-01,North West,E12000002,152467,77.2,10808.0,279480.0,165068.0,117656.0,108822.0,146809.0,154917.0,0.75,78.5,75.2,4.2
2018-11,2018,11,2018-11-01,North West,E12000002,151860,76.9,11510.0,278412.0,164688.0,117221.0,107768.0,146017.0,154409.0,0.75,78.3,75.1,4.1
2018-12,2018,12,2018-12-01,North West,E12000002,151471,76.7,9399.0,276579.0,164059.0,117103.0,108191.0,145738.0,153964.0,0.75,78.1,75,4
2019-01,2019,1,2019-01-01,North West,E12000002,150205,76.0,7213.0,276585.0,163001.0,115222.0,107354.0,144335.0,152775.0,0.75,78,75.1,3.6
2019-02,2019,2,2019-02-01,North West,E12000002,150818,76.4,8379.0,277083.0,163101.0,116343.0,107640.0,145153.0,153288.0,0.75,78.2,75.1,3.9
2019-03,2019,3,2019-03-01,North West,E12000002,149518,75.7,9346.0,274490.0,162880.0,114804.0,105969.0,143486.0,152167.0,0.75,77.9,74.9,3.9
2019-04,2019,4,2019-04-01,North West,E12000002,150992,76.4,8505.0,276628.0,163821.0,116850.0,106367.0,145125.0,153560.0,0.75,78.1,75.1,3.8
2019-05,2019,5,2019-05-01,North West,E12000002,152604,77.3,9787.0,278758.0,165570.0,118420.0,107250.0,146637.0,155216.0,0.75,78,74.7,4.2
2019-06,2019,6,2019-06-01,North West,E12000002,152440,77.2,9618.0,276893.0,165661.0,118144.0,108039.0,146554.0,155013.0,0.75,78.3,74.9,4.4
2019-07,2019,7,2019-07-01,North West,E12000002,154588,78.3,9847.0,281968.0,167376.0,119747.0,110088.0,148534.0,157238.0,0.75,78.4,74.9,4.4
2019-08,2019,8,2019-08-01,North West,E12000002,156053,79.0,10769.0,285072.0,168895.0,121567.0,109296.0,149930.0,158735.0,0.75,78,74.7,4.2
2019-09,2019,9,2019-09-01,North West,E12000002,155419,78.7,9532.0,283546.0,168014.0,120796.0,110129.0,149440.0,158033.0,0.75,78.6,75.1,4.4
2019-10,2019,10,2019-10-01,North West,E12000002,155204,78.6,10330.0,281793.0,169158.0,120062.0,109720.0,148941.0,157955.0,0.75,78.9,75.6,4.2
2019-11,2019,11,2019-11-01,North West,E12000002,154553,78.2,10721.0,282360.0,168559.0,119683.0,107597.0,148240.0,157328.0,0.75,79.6,76.2,4.3
2019-12,2019,12,2019-12-01,North West,E12000002,153685,77.8,9462.0,280037.0,167340.0,119527.0,106726.0,147552.0,156376.0,0.75,79.2,75.8,4.2
2020-01,2020,1,2020-01-01,North West,E12000002,153141,77.5,7795.0,280532.0,167004.0,118307.0,106836.0,146646.0,156006.0,0.75,79.2,75.8,4.4
2020-02,2020,2,2020-02-01,North West,E12000002,153325,77.6,7806.0,279451.0,166763.0,119434.0,106373.0,146740.0,156230.0,0.75,79,75.6,4.3
2020-03,2020,3,2020-03-01,North West,E12000002,155025,78.5,7883.0,283447.0,168436.0,120141.0,108756.0,148473.0,157915.0,0.75,79,75.6,4.4
2020-04,2020,4,2020-04-01,North West,E12000002,152528,77.2,3162.0,282122.0,166126.0,118211.0,104089.0,145764.0,155515.0,0.1,78.6,75,4.5
2020-05,2020,5,2020-05-01,North West,E12000002,152857,77.4,4431.0,280922.0,166764.0,117994.0,106126.0,146332.0,155736.0,0.1,77.8,74.7,4
2020-06,2020,6,2020-06-01,North West,E12000002,157055,79.5,6449.0,284817.0,171237.0,122623.0,108492.0,150414.0,159985.0,0.1,77.7,74.6,3.9
2020-07,2020,7,2020-07-01,North West,E12000002,159413,80.7,7407.0,289541.0,173685.0,123866.0,111466.0,152386.0,162515.0,0.1,77.6,74.6,3.9
2020-08,2020,8,2020-08-01,North West,E12000002,161286,81.7,7879.0,295270.0,176014.0,124937.0,111599.0,153864.0,164566.0,0.1,78,74.4,4.5
2020-09,2020,9,2020-09-01,North West,E12000002,162250,82.1,8791.0,297700.0,176615.0,126044.0,111786.0,155099.0,165407.0,0.1,77.6,73.9,4.7
2020-10,2020,10,2020-10-01,North West,E12000002,165484,83.8,10568.0,303415.0,180257.0,128798.0,113367.0,158148.0,168723.0,0.1,76.5,72.8,4.9
2020-11,2020,11,2020-11-01,North West,E12000002,166199,84.1,10429.0,302940.0,180687.0,129934.0,114316.0,158729.0,169498.0,0.1,76.6,72.9,4.8
2020-12,2020,12,2020-12-01,North West,E12000002,169085,85.6,11097.0,308859.0,183524.0,132191.0,116407.0,161797.0,172301.0,0.1,76.6,72.7,5.1
2021-01,2021,1,2021-01-01,North West,E12000002,170526,86.3,9044.0,303132.0,185272.0,133704.0,121901.0,163299.0,173714.0,0.1,76.8,72.5,5.5
2021-02,2021,2,2021-02-01,North West,E12000002,173134,87.7,11431.0,307353.0,187254.0,136632.0,123497.0,166177.0,176214.0,0.1,76.9,72.5,5.6
2021-03,2021,3,2021-03-01,North West,E12000002,175992,89.1,15003.0,311238.0,189724.0,138980.0,127528.0,168873.0,179143.0,0.1,76.3,72.4,5.2
2021-04,2021,4,2021-04-01,North West,E12000002,172587,87.4,10414.0,308544.0,186236.0,136183.0,122389.0,165360.0,175778.0,0.1,76,72.1,5.1
2021-05,2021,5,2021-05-01,North West,E12000002,172994,87.6,9652.0,308768.0,187000.0,136700.0,121862.0,165654.0,176232.0,0.1,76.2,72.4,5
2021-06,2021,6,2021-06-01,North West,E12000002,187330,94.8,17317.0,328749.0,201014.0,150180.0,133698.0,180387.0,190422.0,0.1,76.4,72.7,4.8
2021-07,2021,7,2021-07-01,North West,E12000002,171845,87.0,8974.0,305856.0,186456.0,135600.0,120772.0,164254.0,175186.0,0.1,76.6,72.8,4.9
2021-08,2021,8,2021-08-01,North West,E12000002,178467,90.4,10651.0,319127.0,194022.0,141174.0,122627.0,170544.0,181953.0,0.1,76.4,73.2,4.1
2021-09,2021,9,2021-09-01,North West,E12000002,187266,94.8,16386.0,330202.0,202355.0,149684.0,130665.0,179669.0,190627.0,0.1,76.9,73.7,4.1
2021-10,2021,10,2021-10-01,North West,E12000002,177157,89.7,8055.0,322136.0,192647.0,138392.0,122235.0,168809.0,180817.0,0.1,76.9,73.6,4.4
2021-11,2021,11,2021-11-01,North West,E12000002,182712,92.5,9761.0,328710.0,198842.0,143236.0,127025.0,174136.0,186473.0,0.1,76.8,73.1,4.9
2021-12,2021,12,2021-12-01,North West,E12000002,185573,93.9,10645.0,330758.0,201075.0,147248.0,128498.0,177361.0,189186.0,0.1,76.9,73.3,4.8
2022-01,2022,1,2022-01-01,North West,E12000002,186704,94.5,7910.0,333674.0,203407.0,147179.0,128871.0,177751.0,190626.0,0.25,76.4,72.8,4.8
2022-02,2022,2,2022-02-01,North West,E12000002,187066,94.7,8905.0,334546.0,203345.0,147628.0,129511.0,178578.0,190787.0,0.25,76.2,72.7,4.6
2022-03,2022,3,2022-03-01,North West,E12000002,187958,95.2,10287.0,336558.0,204819.0,148181.0,129012.0,179009.0,191879.0,0.5,76.2,72.6,4.7
2022-04,2022,4,2022-04-01,North West,E12000002,191021,96.7,9370.0,340153.0,207556.0,151372.0,131946.0,181776.0,195069.0,0.75,76.7,73.2,4.6
2022-05,2022,5,2022-05-01,North West,E12000002,192942,97.7,9159.0,343211.0,210349.0,152871.0,132016.0,183728.0,196979.0,0.75,76.8,73.3,4.5
2022-06,2022,6,2022-06-01,North West,E12000002,194417,98.4,9379.0,345876.0,211589.0,154393.0,132815.0,185253.0,198432.0,1.0,76.4,73.1,4.3
2022-07,2022,7,2022-07-01,North West,E12000002,199323,100.9,10309.0,353897.0,217450.0,158654.0,134532.0,189845.0,203475.0,1.25,76.1,73.4,3.6
2022-08,2022,8,2022-08-01,North West,E12000002,200868,101.7,10338.0,358030.0,218892.0,159883.0,134900.0,191184.0,205111.0,1.25,75.9,73.1,3.6
2022-09,2022,9,2022-09-01,North West,E12000002,202921,102.7,10294.0,360779.0,220729.0,161689.0,137515.0,193001.0,207265.0,1.75,76,72.9,4
2022-10,2022,10,2022-10-01,North West,E12000002,202008,102.3,9928.0,361792.0,220172.0,160285.0,135495.0,192499.0,206175.0,2.25,76.2,72.9,4.4
2022-11,2022,11,2022-11-01,North West,E12000002,202872,102.7,10311.0,363478.0,220729.0,161224.0,136103.0,193003.0,207194.0,2.25,76.6,73.6,4
2022-12,2022,12,2022-12-01,North West,E12000002,200795,101.7,9553.0,357409.0,218655.0,159750.0,135862.0,191029.0,205072.0,3.0,76.8,73.7,4
2023-01,2023,1,2023-01-01,North West,E12000002,197527,100.0,6717.0,356049.0,216054.0,155595.0,131992.0,187706.0,201827.0,3.5,76.8,73.8,4
2023-02,2023,2,2023-02-01,North West,E12000002,196497,99.5,7027.0,353911.0,213899.0,155055.0,132510.0,186693.0,200791.0,3.5,77.1,74.1,3.9
2023-03,2023,3,2023-03-01,North West,E12000002,194453,98.4,7884.0,352303.0,212845.0,151909.0,131730.0,185024.0,198578.0,4.0,77,74.3,3.5
2023-04,2023,4,2023-04-01,North West,E12000002,194385,98.4,5696.0,352542.0,212895.0,152134.0,130637.0,184707.0,198624.0,4.25,77,74.6,3.1
2023-05,2023,5,2023-05-01,North West,E12000002,196419,99.4,6135.0,353493.0,214691.0,154398.0,132545.0,186927.0,200570.0,4.25,77.2,74.4,3.7
2023-06,2023,6,2023-06-01,North West,E12000002,197880,100.2,7426.0,354432.0,215416.0,156671.0,133222.0,188083.0,202170.0,4.5,77.5,74.1,4.4
2023-07,2023,7,2023-07-01,North West,E12000002,199014,100.8,7032.0,356819.0,217916.0,156714.0,133711.0,188865.0,203462.0,5.0,77.3,73.2,5.4
2023-08,2023,8,2023-08-01,North West,E12000002,200408,101.5,7895.0,358024.0,218386.0,158788.0,134786.0,189904.0,205017.0,5.0,77.5,73.1,5.6
2023-09,2023,9,2023-09-01,North West,E12000002,200657,101.6,7828.0,357187.0,218360.0,158889.0,136343.0,190504.0,205106.0,5.25,77.7,73.5,5.4
2023-10,2023,10,2023-10-01,North West,E12000002,200939,101.7,7685.0,358489.0,219093.0,158805.0,136125.0,190879.0,205345.0,5.25,77.3,73.5,4.9
2023-11,2023,11,2023-11-01,North West,E12000002,199536,101.0,7363.0,359479.0,217909.0,157170.0,134015.0,189821.0,203787.0,5.25,77.3,73.3,5.2
2023-12,2023,12,2023-12-01,North West,E12000002,200245,101.4,6990.0,356951.0,218108.0,158704.0,135144.0,190366.0,204570.0,5.25,76.4,72.8,4.7
2024-01,2024,1,2024-01-01,North West,E12000002,196802,99.6,5688.0,354706.0,215018.0,154860.0,132307.0,186762.0,201203.0,5.25,76.8,72.8,5.1
2024-02,2024,2,2024-02-01,North West,E12000002,196304,99.4,6506.0,349804.0,214365.0,155752.0,131425.0,186387.0,200643.0,5.25,76.4,72.2,5.5
2024-03,2024,3,2024-03-01,North West,E12000002,198378,100.4,7449.0,354209.0,215820.0,156749.0,135454.0,188487.0,202695.0,5.25,77.2,72.6,5.9
2024-04,2024,4,2024-04-01,North West,E12000002,198529,100.5,6526.0,352281.0,216217.0,157407.0,135146.0,188272.0,203034.0,5.25,76.9,72.8,5.3
2024-05,2024,5,2024-05-01,North West,E12000002,202747,102.6,8186.0,357586.0,220855.0,160671.0,139493.0,192192.0,207389.0,5.25,76.2,72.5,4.9
2024-06,2024,6,2024-06-01,North West,E12000002,201998,102.3,7659.0,355902.0,219258.0,161398.0,137355.0,191793.0,206463.0,5.25,76.3,73,4.4
2024-07,2024,7,2024-07-01,North West,E12000002,203585,103.1,8772.0,359234.0,221987.0,162519.0,136637.0,192935.0,208273.0,5.25,76.4,73,4.5
2024-08,2024,8,2024-08-01,North West,E12000002,207404,105.0,9458.0,367323.0,225520.0,166038.0,138374.0,196719.0,212096.0,5.0,77.1,74.4,3.5
2024-09,2024,9,2024-09-01,North West,E12000002,207922,105.3,8507.0,370498.0,226517.0,165598.0,138643.0,197164.0,212649.0,5.0,77.1,74,4
2024-10,2024,10,2024-10-01,North West,E12000002,207841,105.2,9697.0,370603.0,225958.0,165403.0,139603.0,197530.0,212339.0,5.0,76.9,73.7,4.2
2024-11,2024,11,2024-11-01,North West,E12000002,208283,105.4,9559.0,370418.0,227496.0,165936.0,138153.0,197584.0,212978.0,5.0,76.8,73.6,4.2
2024-12,2024,12,2024-12-01,North West,E12000002,207967,105.3,8701.0,372747.0,226417.0,165764.0,137326.0,197261.0,212666.0,4.75,77.3,74.1,4.1
2025-01,2025,1,2025-01-01,North West,E12000002,207957,105.3,7350.0,371912.0,227356.0,165443.0,136875.0,196762.0,212909.0,4.75,77.7,74.5,4.1
2025-02,2025,2,2025-02-01,North West,E12000002,209139,105.9,8575.0,372330.0,228206.0,167096.0,137896.0,197999.0,214063.0,4.75,77.7,74.6,4.1
2025-03,2025,3,2025-03-01,North West,E12000002,216425,109.6,14906.0,377108.0,234434.0,174581.0,147126.0,205509.0,221232.0,4.5,77.2,74,4.2
2025-04,2025,4,2025-04-01,North West,E12000002,201694,102.1,5018.0,363434.0,221047.0,159015.0,133322.0,190143.0,206826.0,4.5,76.7,73.2,4.5
2025-05,2025,5,2025-05-01,North West,E12000002,207163,104.9,7496.0,369270.0,226726.0,165075.0,136126.0,195229.0,212467.0,4.5,77.1,73.3,4.9
2025-06,2025,6,2025-06-01,North West,E12000002,210061,106.3,8072.0,373856.0,229720.0,168059.0,137248.0,198366.0,215246.0,4.25,77.2,73.3,5
2025-07,2025,7,2025-07-01,North West,E12000002,212253,107.5,8650.0,377254.0,232283.0,169636.0,139079.0,200341.0,217538.0,4.25,77.3,73.3,5.2
2025-08,2025,8,2025-08-01,North West,E12000002,216036,109.4,8510.0,383728.0,236688.0,173215.0,140109.0,203850.0,221444.0,4.25,77.2,73.4,5
2025-09,2025,9,2025-09-01,North West,E12000002,214357,108.5,7637.0,383515.0,234986.0,171468.0,137999.0,202366.0,219676.0,4.0,77.4,73.7,4.8
2025-10,2025,10,2025-10-01,North West,E12000002,215926,109.3,8879.0,383988.0,236660.0,173236.0,139389.0,203799.0,221306.0,4.0,77.3,73.4,5
2025-11,2025,11,2025-11-01,North West,E12000002,218593,110.7,7317.0,390191.0,238892.0,175306.0,141529.0,206625.0,223893.0,4.0,77.7,73.8,5
2025-12,2025,12,2025-12-01,North West,E12000002,216134,109.4,6725.0,382023.0,236863.0,173948.0,139822.0,203882.0,221574.0,4.0,77.6,73.7,5
2026-01,2026,1,2026-01-01,North West,E12000002,213891,108.3,4868.0,377767.0,235820.0,171705.0,137142.0,201628.0,219340.0,3.75,77.3,73.5,4.9
2026-02,2026,2,2026-02-01,North West,E12000002,216416,109.6,5383.0,384360.0,237581.0,174018.0,138541.0,204184.0,221852.0,3.75,77.5,73.9,4.7
2026-03,2026,3,2026-03-01,North West,E12000002,214928,108.8,,381338.0,236408.0,173111.0,136402.0,202331.0,220523.0,3.75,77.9,74,5
2026-04,2026,4,2026-04-01,North West,E12000002,216138,109.4,,383587.0,237708.0,173570.0,138258.0,203667.0,221679.0,3.75,78.4,74.4,5.1
2015-01,2015,1,2015-01-01,Northern Ireland,N92000002,104989,64.6,1538.0,164008.0,106837.0,72730.0,82787.0,,,0.5,72,67.6,6.2
2015-02,2015,2,2015-02-01,Northern Ireland,N92000002,104989,64.6,1538.0,164008.0,106837.0,72730.0,82787.0,,,0.5,73,68.4,6.2
2015-03,2015,3,2015-03-01,Northern Ireland,N92000002,104989,64.6,1538.0,164008.0,106837.0,72730.0,82787.0,,,0.5,72.9,68.2,6.4
2015-04,2015,4,2015-04-01,Northern Ireland,N92000002,108206,66.6,1763.0,168983.0,110518.0,74409.0,86490.0,,,0.5,72.8,68.3,6.2
2015-05,2015,5,2015-05-01,Northern Ireland,N92000002,108206,66.6,1763.0,168983.0,110518.0,74409.0,86490.0,,,0.5,72.3,67.7,6.3
2015-06,2015,6,2015-06-01,Northern Ireland,N92000002,108206,66.6,1763.0,168983.0,110518.0,74409.0,86490.0,,,0.5,72.6,67.8,6.5
2015-07,2015,7,2015-07-01,Northern Ireland,N92000002,111401,68.6,1943.0,173609.0,113431.0,77222.0,88121.0,,,0.5,72.5,67.9,6.3
2015-08,2015,8,2015-08-01,Northern Ireland,N92000002,111401,68.6,1943.0,173609.0,113431.0,77222.0,88121.0,,,0.5,72.4,67.9,6.2
2015-09,2015,9,2015-09-01,Northern Ireland,N92000002,111401,68.6,1943.0,173609.0,113431.0,77222.0,88121.0,,,0.5,72.4,67.9,6.2
2015-10,2015,10,2015-10-01,Northern Ireland,N92000002,112385,69.2,2056.0,175879.0,113033.0,78734.0,88528.0,,,0.5,73.1,68.5,6.4
2015-11,2015,11,2015-11-01,Northern Ireland,N92000002,112385,69.2,2056.0,175879.0,113033.0,78734.0,88528.0,,,0.5,73.4,68.8,6.2
2015-12,2015,12,2015-12-01,Northern Ireland,N92000002,112385,69.2,2056.0,175879.0,113033.0,78734.0,88528.0,,,0.5,73.1,68.7,6
2016-01,2016,1,2016-01-01,Northern Ireland,N92000002,112475,69.2,2042.0,176017.0,111808.0,78843.0,92470.0,,,0.5,73.4,68.8,6.2
2016-02,2016,2,2016-02-01,Northern Ireland,N92000002,112475,69.2,2042.0,176017.0,111808.0,78843.0,92470.0,,,0.5,73.6,68.8,6.5
2016-03,2016,3,2016-03-01,Northern Ireland,N92000002,112475,69.2,2042.0,176017.0,111808.0,78843.0,92470.0,,,0.5,73.9,69.2,6.3
2016-04,2016,4,2016-04-01,Northern Ireland,N92000002,116637,71.8,1622.0,179022.0,117160.0,83051.0,93913.0,,,0.5,74.1,69.8,5.8
2016-05,2016,5,2016-05-01,Northern Ireland,N92000002,116637,71.8,1622.0,179022.0,117160.0,83051.0,93913.0,,,0.5,73.3,69,5.9
2016-06,2016,6,2016-06-01,Northern Ireland,N92000002,116637,71.8,1622.0,179022.0,117160.0,83051.0,93913.0,,,0.5,73.6,69.2,6
2016-07,2016,7,2016-07-01,Northern Ireland,N92000002,118039,72.6,1989.0,183255.0,119069.0,83292.0,92383.0,,,0.5,73.7,69.7,5.4
2016-08,2016,8,2016-08-01,Northern Ireland,N92000002,118039,72.6,1989.0,183255.0,119069.0,83292.0,92383.0,,,0.5,74.3,70.1,5.6
2016-09,2016,9,2016-09-01,Northern Ireland,N92000002,118039,72.6,1989.0,183255.0,119069.0,83292.0,92383.0,,,0.25,74.4,70.1,5.7
2016-10,2016,10,2016-10-01,Northern Ireland,N92000002,118350,72.8,2011.0,183291.0,118274.0,83294.0,97781.0,,,0.25,74.1,69.7,5.9
2016-11,2016,11,2016-11-01,Northern Ireland,N92000002,118350,72.8,2011.0,183291.0,118274.0,83294.0,97781.0,,,0.25,73.6,69.2,6
2016-12,2016,12,2016-12-01,Northern Ireland,N92000002,118350,72.8,2011.0,183291.0,118274.0,83294.0,97781.0,,,0.25,73.9,69.8,5.6
2017-01,2017,1,2017-01-01,Northern Ireland,N92000002,118092,72.7,1729.0,183780.0,119028.0,82510.0,94997.0,,,0.25,73.5,69.1,6
2017-02,2017,2,2017-02-01,Northern Ireland,N92000002,118092,72.7,1729.0,183780.0,119028.0,82510.0,94997.0,,,0.25,72.6,68.7,5.4
2017-03,2017,3,2017-03-01,Northern Ireland,N92000002,118092,72.7,1729.0,183780.0,119028.0,82510.0,94997.0,,,0.25,72.4,68.4,5.5
2017-04,2017,4,2017-04-01,Northern Ireland,N92000002,120356,74.1,2033.0,185614.0,120480.0,84876.0,99882.0,,,0.25,72.8,68.8,5.4
2017-05,2017,5,2017-05-01,Northern Ireland,N92000002,120356,74.1,2033.0,185614.0,120480.0,84876.0,99882.0,,,0.25,72.6,68.8,5.2
2017-06,2017,6,2017-06-01,Northern Ireland,N92000002,120356,74.1,2033.0,185614.0,120480.0,84876.0,99882.0,,,0.25,73.2,69.4,5.2
2017-07,2017,7,2017-07-01,Northern Ireland,N92000002,121964,75.1,2178.0,188084.0,123138.0,86010.0,97781.0,,,0.25,72.1,68.3,5.2
2017-08,2017,8,2017-08-01,Northern Ireland,N92000002,121964,75.1,2178.0,188084.0,123138.0,86010.0,97781.0,,,0.25,71.8,68.4,4.7
2017-09,2017,9,2017-09-01,Northern Ireland,N92000002,121964,75.1,2178.0,188084.0,123138.0,86010.0,97781.0,,,0.25,71.2,68.3,4.1
2017-10,2017,10,2017-10-01,Northern Ireland,N92000002,122649,75.5,2261.0,188637.0,122791.0,87472.0,98993.0,,,0.25,71.3,68.4,4.1
2017-11,2017,11,2017-11-01,Northern Ireland,N92000002,122649,75.5,2261.0,188637.0,122791.0,87472.0,98993.0,,,0.25,72,69,4.1
2017-12,2017,12,2017-12-01,Northern Ireland,N92000002,122649,75.5,2261.0,188637.0,122791.0,87472.0,98993.0,,,0.5,71.6,68.6,4.2
2018-01,2018,1,2018-01-01,Northern Ireland,N92000002,123302,75.9,1825.0,191993.0,122689.0,87311.0,99945.0,,,0.5,72,69.5,3.4
2018-02,2018,2,2018-02-01,Northern Ireland,N92000002,123302,75.9,1825.0,191993.0,122689.0,87311.0,99945.0,,,0.5,71.9,69.4,3.5
2018-03,2018,3,2018-03-01,Northern Ireland,N92000002,123302,75.9,1825.0,191993.0,122689.0,87311.0,99945.0,,,0.5,72.1,69.8,3.2
2018-04,2018,4,2018-04-01,Northern Ireland,N92000002,125009,76.9,2067.0,191392.0,124888.0,89506.0,102297.0,,,0.5,72.3,69.8,3.5
2018-05,2018,5,2018-05-01,Northern Ireland,N92000002,125009,76.9,2067.0,191392.0,124888.0,89506.0,102297.0,,,0.5,72.6,70,3.5
2018-06,2018,6,2018-06-01,Northern Ireland,N92000002,125009,76.9,2067.0,191392.0,124888.0,89506.0,102297.0,,,0.5,72.4,69.6,3.8
2018-07,2018,7,2018-07-01,Northern Ireland,N92000002,127398,78.4,2191.0,195639.0,127069.0,92090.0,100532.0,,,0.5,72.9,70,3.9
2018-08,2018,8,2018-08-01,Northern Ireland,N92000002,127398,78.4,2191.0,195639.0,127069.0,92090.0,100532.0,,,0.5,72.8,69.8,4.1
2018-09,2018,9,2018-09-01,Northern Ireland,N92000002,127398,78.4,2191.0,195639.0,127069.0,92090.0,100532.0,,,0.75,72.3,69.4,3.9
2018-10,2018,10,2018-10-01,Northern Ireland,N92000002,129427,79.7,2259.0,197856.0,129356.0,92829.0,105721.0,,,0.75,72.2,69.5,3.7
2018-11,2018,11,2018-11-01,Northern Ireland,N92000002,129427,79.7,2259.0,197856.0,129356.0,92829.0,105721.0,,,0.75,72.5,69.8,3.6
2018-12,2018,12,2018-12-01,Northern Ireland,N92000002,129427,79.7,2259.0,197856.0,129356.0,92829.0,105721.0,,,0.75,73.2,70.3,3.9
2019-01,2019,1,2019-01-01,Northern Ireland,N92000002,128168,78.9,1730.0,195243.0,129627.0,91320.0,103007.0,,,0.75,73.6,70.9,3.6
2019-02,2019,2,2019-02-01,Northern Ireland,N92000002,128168,78.9,1730.0,195243.0,129627.0,91320.0,103007.0,,,0.75,73.4,71.2,3.1
2019-03,2019,3,2019-03-01,Northern Ireland,N92000002,128168,78.9,1730.0,195243.0,129627.0,91320.0,103007.0,,,0.75,73.5,71.4,2.9
2019-04,2019,4,2019-04-01,Northern Ireland,N92000002,129613,79.8,2069.0,198980.0,130628.0,91915.0,104302.0,,,0.75,73.8,71.5,3.1
2019-05,2019,5,2019-05-01,Northern Ireland,N92000002,129613,79.8,2069.0,198980.0,130628.0,91915.0,104302.0,,,0.75,74.2,71.9,3.1
2019-06,2019,6,2019-06-01,Northern Ireland,N92000002,129613,79.8,2069.0,198980.0,130628.0,91915.0,104302.0,,,0.75,74.6,72.3,3.1
2019-07,2019,7,2019-07-01,Northern Ireland,N92000002,132336,81.4,2258.0,203878.0,132526.0,94665.0,104926.0,,,0.75,74.2,72.1,2.9
2019-08,2019,8,2019-08-01,Northern Ireland,N92000002,132336,81.4,2258.0,203878.0,132526.0,94665.0,104926.0,,,0.75,73.5,71.3,2.9
2019-09,2019,9,2019-09-01,Northern Ireland,N92000002,132336,81.4,2258.0,203878.0,132526.0,94665.0,104926.0,,,0.75,74.1,72.2,2.6
2019-10,2019,10,2019-10-01,Northern Ireland,N92000002,132623,81.6,2255.0,203995.0,133435.0,94889.0,103608.0,,,0.75,74.2,72.4,2.4
2019-11,2019,11,2019-11-01,Northern Ireland,N92000002,132623,81.6,2255.0,203995.0,133435.0,94889.0,103608.0,,,0.75,74.4,72.7,2.4
2019-12,2019,12,2019-12-01,Northern Ireland,N92000002,132623,81.6,2255.0,203995.0,133435.0,94889.0,103608.0,,,0.75,74.2,72.4,2.4
2020-01,2020,1,2020-01-01,Northern Ireland,N92000002,133173,82.0,1801.0,204835.0,133725.0,95141.0,105464.0,,,0.75,74.1,72.3,2.5
2020-02,2020,2,2020-02-01,Northern Ireland,N92000002,133173,82.0,1801.0,204835.0,133725.0,95141.0,105464.0,,,0.75,74.2,72.4,2.5
2020-03,2020,3,2020-03-01,Northern Ireland,N92000002,133173,82.0,1801.0,204835.0,133725.0,95141.0,105464.0,,,0.75,73.2,71.2,2.7
2020-04,2020,4,2020-04-01,Northern Ireland,N92000002,133286,82.0,675.0,202763.0,133370.0,97410.0,103651.0,,,0.1,72,70,2.8
2020-05,2020,5,2020-05-01,Northern Ireland,N92000002,133286,82.0,675.0,202763.0,133370.0,97410.0,103651.0,,,0.1,72.3,70.1,3
2020-06,2020,6,2020-06-01,Northern Ireland,N92000002,133286,82.0,675.0,202763.0,133370.0,97410.0,103651.0,,,0.1,72,69.8,3
2020-07,2020,7,2020-07-01,Northern Ireland,N92000002,136013,83.7,1773.0,209752.0,136741.0,96670.0,107896.0,,,0.1,72.1,69.6,3.5
2020-08,2020,8,2020-08-01,Northern Ireland,N92000002,136013,83.7,1773.0,209752.0,136741.0,96670.0,107896.0,,,0.1,72.6,69.9,3.8
2020-09,2020,9,2020-09-01,Northern Ireland,N92000002,136013,83.7,1773.0,209752.0,136741.0,96670.0,107896.0,,,0.1,72.3,69.6,3.7
2020-10,2020,10,2020-10-01,Northern Ireland,N92000002,139563,85.9,2829.0,215288.0,139623.0,100818.0,106916.0,,,0.1,72.4,69.3,4.3
2020-11,2020,11,2020-11-01,Northern Ireland,N92000002,139563,85.9,2829.0,215288.0,139623.0,100818.0,106916.0,,,0.1,71.4,68.9,3.6
2020-12,2020,12,2020-12-01,Northern Ireland,N92000002,139563,85.9,2829.0,215288.0,139623.0,100818.0,106916.0,,,0.1,71.1,68.3,4
2021-01,2021,1,2021-01-01,Northern Ireland,N92000002,141087,86.8,2508.0,219466.0,140990.0,100843.0,108980.0,,,0.1,71.8,68.7,4.3
2021-02,2021,2,2021-02-01,Northern Ireland,N92000002,141087,86.8,2508.0,219466.0,140990.0,100843.0,108980.0,,,0.1,71.7,68.8,4
2021-03,2021,3,2021-03-01,Northern Ireland,N92000002,141087,86.8,2508.0,219466.0,140990.0,100843.0,108980.0,,,0.1,71.6,68.7,4
2021-04,2021,4,2021-04-01,Northern Ireland,N92000002,146044,89.9,2655.0,229090.0,144479.0,104521.0,113526.0,,,0.1,71.7,69.1,3.6
2021-05,2021,5,2021-05-01,Northern Ireland,N92000002,146044,89.9,2655.0,229090.0,144479.0,104521.0,113526.0,,,0.1,71.5,68.5,4.2
2021-06,2021,6,2021-06-01,Northern Ireland,N92000002,146044,89.9,2655.0,229090.0,144479.0,104521.0,113526.0,,,0.1,72.5,69.3,4.4
2021-07,2021,7,2021-07-01,Northern Ireland,N92000002,150563,92.7,2823.0,233463.0,149786.0,109836.0,112236.0,,,0.1,72.7,69.5,4.4
2021-08,2021,8,2021-08-01,Northern Ireland,N92000002,150563,92.7,2823.0,233463.0,149786.0,109836.0,112236.0,,,0.1,72.7,69.5,4.3
2021-09,2021,9,2021-09-01,Northern Ireland,N92000002,150563,92.7,2823.0,233463.0,149786.0,109836.0,112236.0,,,0.1,71.5,68.3,4.4
2021-10,2021,10,2021-10-01,Northern Ireland,N92000002,150539,92.7,2262.0,234345.0,150343.0,108807.0,111727.0,,,0.1,70.9,68.1,4
2021-11,2021,11,2021-11-01,Northern Ireland,N92000002,150539,92.7,2262.0,234345.0,150343.0,108807.0,111727.0,,,0.1,70.6,68.1,3.5
2021-12,2021,12,2021-12-01,Northern Ireland,N92000002,150539,92.7,2262.0,234345.0,150343.0,108807.0,111727.0,,,0.1,71.3,68.9,3.3
2022-01,2022,1,2022-01-01,Northern Ireland,N92000002,155086,95.4,1954.0,243518.0,154034.0,111070.0,117376.0,,,0.25,71.5,69.1,3.3
2022-02,2022,2,2022-02-01,Northern Ireland,N92000002,155086,95.4,1954.0,243518.0,154034.0,111070.0,117376.0,,,0.25,71.9,69.7,3.1
2022-03,2022,3,2022-03-01,Northern Ireland,N92000002,155086,95.4,1954.0,243518.0,154034.0,111070.0,117376.0,,,0.5,72.6,70.6,2.7
2022-04,2022,4,2022-04-01,Northern Ireland,N92000002,160214,98.6,2036.0,253870.0,159586.0,113318.0,120446.0,,,0.75,72,70,2.8
2022-05,2022,5,2022-05-01,Northern Ireland,N92000002,160214,98.6,2036.0,253870.0,159586.0,113318.0,120446.0,,,0.75,71.8,69.9,2.7
2022-06,2022,6,2022-06-01,Northern Ireland,N92000002,160214,98.6,2036.0,253870.0,159586.0,113318.0,120446.0,,,1.0,71.8,69.7,2.9
2022-07,2022,7,2022-07-01,Northern Ireland,N92000002,166363,102.4,2194.0,263766.0,165906.0,118091.0,122650.0,,,1.25,72.1,69.9,3.1
2022-08,2022,8,2022-08-01,Northern Ireland,N92000002,166363,102.4,2194.0,263766.0,165906.0,118091.0,122650.0,,,1.25,72.6,70.3,3.1
2022-09,2022,9,2022-09-01,Northern Ireland,N92000002,166363,102.4,2194.0,263766.0,165906.0,118091.0,122650.0,,,1.75,72.5,70.2,3.1
2022-10,2022,10,2022-10-01,Northern Ireland,N92000002,165729,102.0,2249.0,261630.0,165609.0,118099.0,121607.0,,,2.25,73.1,71,2.8
2022-11,2022,11,2022-11-01,Northern Ireland,N92000002,165729,102.0,2249.0,261630.0,165609.0,118099.0,121607.0,,,2.25,73.2,71.2,2.7
2022-12,2022,12,2022-12-01,Northern Ireland,N92000002,165729,102.0,2249.0,261630.0,165609.0,118099.0,121607.0,,,3.0,73.5,71.7,2.4
2023-01,2023,1,2023-01-01,Northern Ireland,N92000002,162479,100.0,1683.0,257937.0,162701.0,114675.0,119347.0,,,3.5,73.6,71.9,2.3
2023-02,2023,2,2023-02-01,Northern Ireland,N92000002,162479,100.0,1683.0,257937.0,162701.0,114675.0,119347.0,,,3.5,73.9,72.1,2.3
2023-03,2023,3,2023-03-01,Northern Ireland,N92000002,162479,100.0,1683.0,257937.0,162701.0,114675.0,119347.0,,,4.0,73.5,71.8,2.4
2023-04,2023,4,2023-04-01,Northern Ireland,N92000002,164587,101.3,1743.0,264029.0,164038.0,115139.0,122494.0,,,4.25,73.8,72.1,2.3
2023-05,2023,5,2023-05-01,Northern Ireland,N92000002,164587,101.3,1743.0,264029.0,164038.0,115139.0,122494.0,,,4.25,73.4,71.7,2.3
2023-06,2023,6,2023-06-01,Northern Ireland,N92000002,164587,101.3,1743.0,264029.0,164038.0,115139.0,122494.0,,,4.5,73.3,71.5,2.4
2023-07,2023,7,2023-07-01,Northern Ireland,N92000002,169726,104.5,1999.0,268960.0,168904.0,120336.0,126235.0,,,5.0,73.1,71.3,2.5
2023-08,2023,8,2023-08-01,Northern Ireland,N92000002,169726,104.5,1999.0,268960.0,168904.0,120336.0,126235.0,,,5.0,73.8,72.3,2.1
2023-09,2023,9,2023-09-01,Northern Ireland,N92000002,169726,104.5,1999.0,268960.0,168904.0,120336.0,126235.0,,,5.25,73.6,72.2,1.9
2023-10,2023,10,2023-10-01,Northern Ireland,N92000002,168157,103.5,1914.0,266549.0,168484.0,118341.0,125075.0,,,5.25,73.9,72.5,1.8
2023-11,2023,11,2023-11-01,Northern Ireland,N92000002,168157,103.5,1914.0,266549.0,168484.0,118341.0,125075.0,,,5.25,74.1,72.3,2.4
2023-12,2023,12,2023-12-01,Northern Ireland,N92000002,168157,103.5,1914.0,266549.0,168484.0,118341.0,125075.0,,,5.25,74.7,72.8,2.4
2024-01,2024,1,2024-01-01,Northern Ireland,N92000002,169060,104.1,1616.0,266222.0,170258.0,118801.0,126740.0,,,5.25,74.5,72.8,2.3
2024-02,2024,2,2024-02-01,Northern Ireland,N92000002,169060,104.1,1616.0,266222.0,170258.0,118801.0,126740.0,,,5.25,74.7,73,2.2
2024-03,2024,3,2024-03-01,Northern Ireland,N92000002,169060,104.1,1616.0,266222.0,170258.0,118801.0,126740.0,,,5.25,74.9,73.3,2.1
2024-04,2024,4,2024-04-01,Northern Ireland,N92000002,175418,108.0,1838.0,275120.0,175188.0,124843.0,132003.0,,,5.25,74.5,72.9,2.1
2024-05,2024,5,2024-05-01,Northern Ireland,N92000002,175418,108.0,1838.0,275120.0,175188.0,124843.0,132003.0,,,5.25,73.9,72.5,1.8
2024-06,2024,6,2024-06-01,Northern Ireland,N92000002,175418,108.0,1838.0,275120.0,175188.0,124843.0,132003.0,,,5.25,74.1,72.8,1.7
2024-07,2024,7,2024-07-01,Northern Ireland,N92000002,180467,111.1,2152.0,284601.0,180221.0,129294.0,130568.0,,,5.25,74.1,72.7,1.8
2024-08,2024,8,2024-08-01,Northern Ireland,N92000002,180467,111.1,2152.0,284601.0,180221.0,129294.0,130568.0,,,5.0,73.6,72.4,1.6
2024-09,2024,9,2024-09-01,Northern Ireland,N92000002,180467,111.1,2152.0,284601.0,180221.0,129294.0,130568.0,,,5.0,73.1,71.9,1.7
2024-10,2024,10,2024-10-01,Northern Ireland,N92000002,182320,112.2,2273.0,285346.0,183133.0,129680.0,135445.0,,,5.0,73.2,72.1,1.5
2024-11,2024,11,2024-11-01,Northern Ireland,N92000002,182320,112.2,2273.0,285346.0,183133.0,129680.0,135445.0,,,5.0,73.7,72.5,1.7
2024-12,2024,12,2024-12-01,Northern Ireland,N92000002,182320,112.2,2273.0,285346.0,183133.0,129680.0,135445.0,,,4.75,73.3,72,1.7
2025-01,2025,1,2025-01-01,Northern Ireland,N92000002,184322,113.4,2199.0,287113.0,184701.0,131703.0,138289.0,,,4.75,73.5,72.3,1.7
2025-02,2025,2,2025-02-01,Northern Ireland,N92000002,184322,113.4,2199.0,287113.0,184701.0,131703.0,138289.0,,,4.75,72.6,71.5,1.6
2025-03,2025,3,2025-03-01,Northern Ireland,N92000002,184322,113.4,2199.0,287113.0,184701.0,131703.0,138289.0,,,4.5,73,71.8,1.6
2025-04,2025,4,2025-04-01,Northern Ireland,N92000002,185455,114.1,1637.0,288313.0,185198.0,132963.0,140411.0,,,4.5,73.3,71.9,1.9
2025-05,2025,5,2025-05-01,Northern Ireland,N92000002,185455,114.1,1637.0,288313.0,185198.0,132963.0,140411.0,,,4.5,73.6,72,2.2
2025-06,2025,6,2025-06-01,Northern Ireland,N92000002,185455,114.1,1637.0,288313.0,185198.0,132963.0,140411.0,,,4.25,73.4,71.5,2.5
2025-07,2025,7,2025-07-01,Northern Ireland,N92000002,193080,118.8,2088.0,300201.0,192754.0,139747.0,141994.0,,,4.25,73.5,71.8,2.3
2025-08,2025,8,2025-08-01,Northern Ireland,N92000002,193080,118.8,2088.0,300201.0,192754.0,139747.0,141994.0,,,4.25,73,71.1,2.5
2025-09,2025,9,2025-09-01,Northern Ireland,N92000002,193080,118.8,2088.0,300201.0,192754.0,139747.0,141994.0,,,4.0,72.9,71.1,2.4
2025-10,2025,10,2025-10-01,Northern Ireland,N92000002,195111,120.1,2240.0,303581.0,197374.0,140028.0,139785.0,,,4.0,72.2,70.5,2.4
2025-11,2025,11,2025-11-01,Northern Ireland,N92000002,195111,120.1,2240.0,303581.0,197374.0,140028.0,139785.0,,,4.0,73.5,71.9,2.2
2025-12,2025,12,2025-12-01,Northern Ireland,N92000002,195111,120.1,2240.0,303581.0,197374.0,140028.0,139785.0,,,4.0,73.6,71.9,2.3
2026-01,2026,1,2026-01-01,Northern Ireland,N92000002,198015,121.9,1670.0,306297.0,201256.0,142840.0,139882.0,,,3.75,73.5,71.8,2.3
2026-02,2026,2,2026-02-01,Northern Ireland,N92000002,198015,121.9,1670.0,306297.0,201256.0,142840.0,139882.0,,,3.75,73,71.3,2.3
2026-03,2026,3,2026-03-01,Northern Ireland,N92000002,198015,121.9,,306297.0,201256.0,142840.0,139882.0,,,3.75,74,72.4,2.1
2026-04,2026,4,2026-04-01,Northern Ireland,N92000002,198015,121.9,,306297.0,201256.0,142840.0,139882.0,,,3.75,73.2,71.9,1.8
2015-01,2015,1,2015-01-01,Scotland,S92000003,129869,74.2,6189.0,235906.0,143196.0,115948.0,95609.0,121493.0,134146.0,0.5,78.6,74,5.8
2015-02,2015,2,2015-02-01,Scotland,S92000003,127575,72.9,5113.0,234440.0,140371.0,113436.0,93466.0,118641.0,132118.0,0.5,79.1,74.5,5.8
2015-03,2015,3,2015-03-01,Scotland,S92000003,134523,76.8,7576.0,259074.0,146696.0,117809.0,96565.0,124964.0,139381.0,0.5,79.4,74.7,5.9
2015-04,2015,4,2015-04-01,Scotland,S92000003,128978,73.7,7936.0,225403.0,143478.0,117146.0,96134.0,121223.0,132955.0,0.5,79.3,74.7,5.8
2015-05,2015,5,2015-05-01,Scotland,S92000003,130564,74.6,8569.0,230838.0,144226.0,117195.0,97727.0,121890.0,134986.0,0.5,78.7,74.4,5.5
2015-06,2015,6,2015-06-01,Scotland,S92000003,131762,75.3,9307.0,235425.0,145797.0,118620.0,97461.0,123437.0,136019.0,0.5,78.5,73.9,5.8
2015-07,2015,7,2015-07-01,Scotland,S92000003,133810,76.4,10021.0,240138.0,147335.0,119881.0,99311.0,125084.0,138262.0,0.5,78.7,73.8,6.3
2015-08,2015,8,2015-08-01,Scotland,S92000003,133341,76.2,8715.0,242947.0,146717.0,118900.0,98155.0,124599.0,137801.0,0.5,78.7,73.5,6.6
2015-09,2015,9,2015-09-01,Scotland,S92000003,133035,76.0,8618.0,242276.0,146459.0,118590.0,97954.0,124225.0,137527.0,0.5,79,74,6.3
2015-10,2015,10,2015-10-01,Scotland,S92000003,132471,75.7,9767.0,238638.0,145996.0,118711.0,97940.0,123762.0,136914.0,0.5,78.9,74.4,5.8
2015-11,2015,11,2015-11-01,Scotland,S92000003,133255,76.1,8877.0,241966.0,146511.0,118790.0,98433.0,124339.0,137799.0,0.5,79.2,74.8,5.5
2015-12,2015,12,2015-12-01,Scotland,S92000003,131549,75.1,7850.0,241296.0,144292.0,117164.0,96600.0,122272.0,136265.0,0.5,79.4,74.8,5.7
2016-01,2016,1,2016-01-01,Scotland,S92000003,131634,75.2,6118.0,241374.0,145747.0,116886.0,96304.0,123148.0,135968.0,0.5,79.2,74.4,6.1
2016-02,2016,2,2016-02-01,Scotland,S92000003,129551,74.0,5507.0,237643.0,144224.0,116081.0,93766.0,120849.0,133985.0,0.5,78.9,74,6.1
2016-03,2016,3,2016-03-01,Scotland,S92000003,131107,74.9,11017.0,241173.0,143777.0,116040.0,96524.0,122516.0,135490.0,0.5,78.1,73.4,6
2016-04,2016,4,2016-04-01,Scotland,S92000003,131303,75.0,6820.0,237227.0,146285.0,118739.0,95493.0,121890.0,136085.0,0.5,77.8,73.4,5.8
2016-05,2016,5,2016-05-01,Scotland,S92000003,133044,76.0,7248.0,235558.0,147171.0,119727.0,99187.0,124076.0,137613.0,0.5,78.4,74.1,5.5
2016-06,2016,6,2016-06-01,Scotland,S92000003,134949,77.1,8782.0,247561.0,148937.0,120631.0,98409.0,125774.0,139621.0,0.5,78.1,73.9,5.3
2016-07,2016,7,2016-07-01,Scotland,S92000003,136931,78.2,9249.0,246131.0,150936.0,122686.0,101418.0,128007.0,141485.0,0.5,77.7,73.8,5
2016-08,2016,8,2016-08-01,Scotland,S92000003,135571,77.4,8641.0,248476.0,150121.0,121077.0,98786.0,126227.0,140326.0,0.5,77.5,73.7,4.9
2016-09,2016,9,2016-09-01,Scotland,S92000003,135236,77.2,9563.0,245963.0,149540.0,120295.0,99548.0,126587.0,139654.0,0.25,77.3,73.3,5.1
2016-10,2016,10,2016-10-01,Scotland,S92000003,134368,76.7,8503.0,249917.0,147995.0,118527.0,98011.0,125402.0,138939.0,0.25,77.5,73.3,5.5
2016-11,2016,11,2016-11-01,Scotland,S92000003,135543,77.4,8734.0,248114.0,149699.0,119517.0,99994.0,126918.0,139950.0,0.25,77.4,73.3,5.2
2016-12,2016,12,2016-12-01,Scotland,S92000003,132996,76.0,8488.0,243299.0,147261.0,117853.0,97634.0,124056.0,137551.0,0.25,77.7,73.9,4.9
2017-01,2017,1,2017-01-01,Scotland,S92000003,133141,76.0,6380.0,244154.0,146514.0,117320.0,98368.0,124649.0,137480.0,0.25,77.3,73.7,4.7
2017-02,2017,2,2017-02-01,Scotland,S92000003,130885,74.8,5816.0,242457.0,143913.0,114473.0,96579.0,122116.0,135370.0,0.25,77.1,73.6,4.5
2017-03,2017,3,2017-03-01,Scotland,S92000003,131731,75.2,9364.0,242316.0,145659.0,116299.0,96785.0,123324.0,136026.0,0.25,77.6,74.3,4.3
2017-04,2017,4,2017-04-01,Scotland,S92000003,135773,77.5,8139.0,247587.0,148677.0,119343.0,101084.0,127001.0,140257.0,0.25,77.4,74.3,4
2017-05,2017,5,2017-05-01,Scotland,S92000003,136715,78.1,8529.0,247288.0,150789.0,120132.0,101991.0,127947.0,141196.0,0.25,77.1,74.2,3.8
2017-06,2017,6,2017-06-01,Scotland,S92000003,138220,78.9,10888.0,249346.0,151651.0,122096.0,103195.0,129403.0,142725.0,0.25,78.1,75.1,3.9
2017-07,2017,7,2017-07-01,Scotland,S92000003,142004,81.1,8943.0,257365.0,155297.0,124594.0,106339.0,133262.0,146468.0,0.25,78.8,75.8,3.9
2017-08,2017,8,2017-08-01,Scotland,S92000003,141685,80.9,9518.0,257754.0,154512.0,125352.0,105407.0,132852.0,146196.0,0.25,78.5,75.1,4.2
2017-09,2017,9,2017-09-01,Scotland,S92000003,139082,79.4,9603.0,253327.0,152366.0,123017.0,103180.0,129967.0,143743.0,0.25,78.3,75,4.2
2017-10,2017,10,2017-10-01,Scotland,S92000003,139591,79.7,9047.0,253535.0,154444.0,123388.0,103296.0,130519.0,144228.0,0.25,78.2,74.9,4.3
2017-11,2017,11,2017-11-01,Scotland,S92000003,140834,80.4,8711.0,255681.0,154823.0,123981.0,104849.0,131631.0,145538.0,0.25,78.3,75,4.2
2017-12,2017,12,2017-12-01,Scotland,S92000003,139761,79.8,8171.0,252381.0,153705.0,123684.0,104033.0,130816.0,144332.0,0.5,77.9,74.4,4.5
2018-01,2018,1,2018-01-01,Scotland,S92000003,141353,80.7,6111.0,258960.0,156302.0,124724.0,104166.0,131714.0,146286.0,0.5,78.1,74.7,4.3
2018-02,2018,2,2018-02-01,Scotland,S92000003,140480,80.2,5406.0,257754.0,153129.0,123432.0,104453.0,131025.0,145320.0,0.5,78.3,75,4.2
2018-03,2018,3,2018-03-01,Scotland,S92000003,139202,79.5,8043.0,256011.0,154782.0,124126.0,101347.0,129475.0,144179.0,0.5,78.2,74.8,4.3
2018-04,2018,4,2018-04-01,Scotland,S92000003,142832,81.6,7495.0,256212.0,157887.0,127354.0,106086.0,133268.0,147728.0,0.5,78.5,75.2,4.3
2018-05,2018,5,2018-05-01,Scotland,S92000003,143019,81.7,8135.0,257080.0,157403.0,126974.0,106602.0,133853.0,147715.0,0.5,78.9,75.6,4.2
2018-06,2018,6,2018-06-01,Scotland,S92000003,144308,82.4,10558.0,257521.0,159703.0,128097.0,107800.0,134815.0,149169.0,0.5,78.5,75.2,4.2
2018-07,2018,7,2018-07-01,Scotland,S92000003,146056,83.4,8899.0,261877.0,160296.0,129521.0,109288.0,136561.0,150920.0,0.5,78.3,75,4.2
2018-08,2018,8,2018-08-01,Scotland,S92000003,146404,83.6,10536.0,264257.0,161468.0,130251.0,108558.0,136646.0,151399.0,0.5,78,74.9,4
2018-09,2018,9,2018-09-01,Scotland,S92000003,145738,83.2,8601.0,264689.0,161210.0,129214.0,107682.0,135965.0,150740.0,0.75,78,75,3.9
2018-10,2018,10,2018-10-01,Scotland,S92000003,145816,83.3,9127.0,269519.0,161471.0,129130.0,106488.0,135907.0,150887.0,0.75,78,75,3.8
2018-11,2018,11,2018-11-01,Scotland,S92000003,143919,82.2,10102.0,259184.0,158982.0,127716.0,106963.0,134302.0,148842.0,0.75,78.1,75.3,3.7
2018-12,2018,12,2018-12-01,Scotland,S92000003,142681,81.5,7486.0,255980.0,157636.0,126715.0,106257.0,133282.0,147493.0,0.75,78.3,75.5,3.5
2019-01,2019,1,2019-01-01,Scotland,S92000003,144124,82.3,6654.0,263329.0,159364.0,127530.0,106213.0,134508.0,149047.0,0.75,78,75.3,3.5
2019-02,2019,2,2019-02-01,Scotland,S92000003,141355,80.7,5493.0,257284.0,156383.0,125061.0,104415.0,131509.0,146387.0,0.75,78.2,75.6,3.4
2019-03,2019,3,2019-03-01,Scotland,S92000003,143985,82.2,8384.0,262764.0,159838.0,128042.0,105651.0,134016.0,149080.0,0.75,77.4,74.8,3.4
2019-04,2019,4,2019-04-01,Scotland,S92000003,145110,82.9,7927.0,261872.0,161025.0,129654.0,106969.0,135274.0,150142.0,0.75,78.1,75.5,3.4
2019-05,2019,5,2019-05-01,Scotland,S92000003,145709,83.2,9695.0,261522.0,161957.0,130796.0,107395.0,135493.0,150929.0,0.75,78,75.4,3.3
2019-06,2019,6,2019-06-01,Scotland,S92000003,146925,83.9,9224.0,261464.0,162670.0,130571.0,109795.0,137525.0,151747.0,0.75,78.1,75.3,3.6
2019-07,2019,7,2019-07-01,Scotland,S92000003,148942,85.1,9001.0,270599.0,164198.0,132391.0,110033.0,138746.0,154155.0,0.75,77.8,74.7,4
2019-08,2019,8,2019-08-01,Scotland,S92000003,148383,84.7,10134.0,266651.0,163860.0,132542.0,109978.0,138394.0,153494.0,0.75,77.2,74.1,4
2019-09,2019,9,2019-09-01,Scotland,S92000003,149037,85.1,8826.0,267484.0,163678.0,132796.0,111041.0,139644.0,153859.0,0.75,77.1,74,4
2019-10,2019,10,2019-10-01,Scotland,S92000003,148150,84.6,9456.0,268624.0,165124.0,131959.0,108832.0,137605.0,153534.0,0.75,76.7,73.9,3.7
2019-11,2019,11,2019-11-01,Scotland,S92000003,146779,83.8,9990.0,266539.0,162896.0,130810.0,107921.0,137015.0,151778.0,0.75,76.8,73.8,4
2019-12,2019,12,2019-12-01,Scotland,S92000003,144623,82.6,8072.0,263653.0,160140.0,129157.0,106053.0,134741.0,149677.0,0.75,77.3,74.6,3.6
2020-01,2020,1,2020-01-01,Scotland,S92000003,147731,84.4,7022.0,270375.0,164048.0,131577.0,108076.0,137169.0,153123.0,0.75,77.3,74.5,3.7
2020-02,2020,2,2020-02-01,Scotland,S92000003,143944,82.2,5939.0,263498.0,159619.0,128141.0,105399.0,133333.0,149354.0,0.75,77.9,74.8,4
2020-03,2020,3,2020-03-01,Scotland,S92000003,144948,82.8,6447.0,264199.0,160538.0,129277.0,106397.0,134755.0,150155.0,0.75,77.1,73.7,4.4
2020-04,2020,4,2020-04-01,Scotland,S92000003,146059,83.4,2632.0,271928.0,163182.0,131804.0,104393.0,135609.0,151393.0,0.1,77.1,73.3,4.9
2020-05,2020,5,2020-05-01,Scotland,S92000003,147150,84.0,3336.0,266653.0,163420.0,131905.0,107958.0,136420.0,152623.0,0.1,76.5,73,4.6
2020-06,2020,6,2020-06-01,Scotland,S92000003,149474,85.4,4089.0,273179.0,165956.0,133657.0,109199.0,138653.0,154996.0,0.1,76.8,73.2,4.7
2020-07,2020,7,2020-07-01,Scotland,S92000003,148755,85.0,5300.0,273963.0,164127.0,132096.0,108919.0,137959.0,154263.0,0.1,76.7,72.9,4.9
2020-08,2020,8,2020-08-01,Scotland,S92000003,148875,85.0,6977.0,267686.0,166178.0,133998.0,109247.0,138333.0,154259.0,0.1,76.8,73.5,4.4
2020-09,2020,9,2020-09-01,Scotland,S92000003,154532,88.3,10619.0,279197.0,172528.0,138954.0,113075.0,144039.0,159902.0,0.1,77,73.4,4.7
2020-10,2020,10,2020-10-01,Scotland,S92000003,156874,89.6,12974.0,285098.0,174815.0,141276.0,114323.0,146180.0,162345.0,0.1,77.2,73.8,4.3
2020-11,2020,11,2020-11-01,Scotland,S92000003,157849,90.2,12445.0,288249.0,174736.0,141599.0,115333.0,147291.0,163256.0,0.1,76.8,73.2,4.7
2020-12,2020,12,2020-12-01,Scotland,S92000003,156254,89.2,11148.0,287388.0,173040.0,140158.0,113581.0,145416.0,161795.0,0.1,76,72.4,4.7
2021-01,2021,1,2021-01-01,Scotland,S92000003,157866,90.2,7762.0,283617.0,173483.0,140957.0,117450.0,147944.0,162964.0,0.1,76.4,72.9,4.5
2021-02,2021,2,2021-02-01,Scotland,S92000003,155612,88.9,7351.0,282995.0,171285.0,139533.0,114378.0,145031.0,161045.0,0.1,77.2,73.5,4.9
2021-03,2021,3,2021-03-01,Scotland,S92000003,160963,91.9,12235.0,290153.0,177842.0,144782.0,118584.0,150185.0,166498.0,0.1,76.9,73.3,4.7
2021-04,2021,4,2021-04-01,Scotland,S92000003,154719,88.4,7216.0,279681.0,169157.0,138724.0,114624.0,143963.0,160242.0,0.1,76.6,73.1,4.6
2021-05,2021,5,2021-05-01,Scotland,S92000003,161935,92.5,8751.0,292347.0,178649.0,145633.0,119278.0,150656.0,167726.0,0.1,76.7,73.2,4.5
2021-06,2021,6,2021-06-01,Scotland,S92000003,165261,94.4,11184.0,297517.0,180198.0,149520.0,122272.0,154705.0,170684.0,0.1,77,73.5,4.6
2021-07,2021,7,2021-07-01,Scotland,S92000003,168799,96.4,10985.0,308678.0,187543.0,151260.0,123024.0,156709.0,175006.0,0.1,76.8,73.4,4.4
2021-08,2021,8,2021-08-01,Scotland,S92000003,170669,97.5,9999.0,307829.0,188996.0,153118.0,125731.0,158970.0,176676.0,0.1,77,73.6,4.5
2021-09,2021,9,2021-09-01,Scotland,S92000003,170829,97.6,9506.0,310887.0,188587.0,153699.0,125040.0,159562.0,176617.0,0.1,77.4,74.2,4.1
2021-10,2021,10,2021-10-01,Scotland,S92000003,170955,97.6,10474.0,315033.0,189389.0,152163.0,124633.0,159789.0,176690.0,0.1,77.1,73.8,4.2
2021-11,2021,11,2021-11-01,Scotland,S92000003,172873,98.7,9617.0,318321.0,191356.0,153947.0,126117.0,161707.0,178609.0,0.1,77.1,74.1,3.8
2021-12,2021,12,2021-12-01,Scotland,S92000003,169213,96.6,8942.0,311950.0,187448.0,151933.0,122662.0,158246.0,174847.0,0.1,76.4,73.1,4.3
2022-01,2022,1,2022-01-01,Scotland,S92000003,173589,99.1,7340.0,321308.0,192226.0,154380.0,126251.0,162187.0,179445.0,0.25,76.6,73.4,4.2
2022-02,2022,2,2022-02-01,Scotland,S92000003,170905,97.6,6563.0,315641.0,189940.0,152412.0,124062.0,159194.0,176918.0,0.25,76.6,73.7,3.9
2022-03,2022,3,2022-03-01,Scotland,S92000003,171510,98.0,8199.0,318609.0,190920.0,153880.0,123489.0,159581.0,177635.0,0.5,77.1,74.5,3.3
2022-04,2022,4,2022-04-01,Scotland,S92000003,175109,100.0,8700.0,324484.0,194107.0,157391.0,126416.0,163154.0,181248.0,0.75,77.2,74.5,3.5
2022-05,2022,5,2022-05-01,Scotland,S92000003,177326,101.3,8598.0,324575.0,197715.0,159502.0,128636.0,165466.0,183416.0,0.75,77.3,74.5,3.6
2022-06,2022,6,2022-06-01,Scotland,S92000003,181120,103.4,8695.0,337711.0,200571.0,162710.0,130322.0,168492.0,187602.0,1.0,77,74.4,3.4
2022-07,2022,7,2022-07-01,Scotland,S92000003,182979,104.5,9637.0,332818.0,203732.0,165425.0,132988.0,170833.0,189217.0,1.25,76.7,74.3,3.1
2022-08,2022,8,2022-08-01,Scotland,S92000003,183378,104.7,9563.0,334855.0,204418.0,166349.0,132594.0,171072.0,189698.0,1.25,77.6,75,3.4
2022-09,2022,9,2022-09-01,Scotland,S92000003,181639,103.7,10127.0,334063.0,202735.0,164751.0,130645.0,169400.0,187924.0,1.75,77.4,74.6,3.7
2022-10,2022,10,2022-10-01,Scotland,S92000003,182341,104.1,9191.0,338184.0,202966.0,164286.0,131108.0,170235.0,188559.0,2.25,77.9,75.1,3.6
2022-11,2022,11,2022-11-01,Scotland,S92000003,180523,103.1,9081.0,334999.0,202128.0,163503.0,128986.0,168223.0,186839.0,2.25,77.9,75.1,3.6
2022-12,2022,12,2022-12-01,Scotland,S92000003,175560,100.3,7906.0,326649.0,195573.0,158766.0,125644.0,163579.0,181711.0,3.0,78.2,75.4,3.5
2023-01,2023,1,2023-01-01,Scotland,S92000003,175092,100.0,5920.0,327475.0,196387.0,157066.0,125055.0,163415.0,181089.0,3.5,78,75.2,3.5
2023-02,2023,2,2023-02-01,Scotland,S92000003,171282,97.8,5472.0,320996.0,191751.0,153722.0,122268.0,159377.0,177410.0,3.5,76.9,74.2,3.5
2023-03,2023,3,2023-03-01,Scotland,S92000003,173352,99.0,8146.0,325091.0,194875.0,155199.0,123639.0,161180.0,179621.0,4.0,76.8,74.3,3.3
2023-04,2023,4,2023-04-01,Scotland,S92000003,175512,100.2,7038.0,324883.0,198024.0,157902.0,125544.0,163222.0,181841.0,4.25,76.4,73.8,3.4
2023-05,2023,5,2023-05-01,Scotland,S92000003,179854,102.7,7673.0,330422.0,199834.0,161158.0,130347.0,167496.0,186210.0,4.25,76.6,74.1,3.2
2023-06,2023,6,2023-06-01,Scotland,S92000003,177705,101.5,9380.0,323540.0,197691.0,160855.0,128648.0,165501.0,183982.0,4.5,76.5,73.4,4.1
2023-07,2023,7,2023-07-01,Scotland,S92000003,181013,103.4,8211.0,329569.0,202506.0,163432.0,130900.0,168364.0,187525.0,5.0,77.8,74.4,4.4
2023-08,2023,8,2023-08-01,Scotland,S92000003,182593,104.3,8415.0,334472.0,202954.0,164782.0,132011.0,169889.0,189132.0,5.0,77.7,73.9,4.9
2023-09,2023,9,2023-09-01,Scotland,S92000003,180364,103.0,8495.0,332691.0,200391.0,162792.0,129915.0,167900.0,186777.0,5.25,77.1,73.5,4.7
2023-10,2023,10,2023-10-01,Scotland,S92000003,180051,102.8,7829.0,332207.0,202918.0,163222.0,128550.0,167384.0,186575.0,5.25,76.5,73,4.6
2023-11,2023,11,2023-11-01,Scotland,S92000003,179184,102.3,7999.0,332210.0,201211.0,161447.0,128220.0,166039.0,185971.0,5.25,76.4,72.9,4.5
2023-12,2023,12,2023-12-01,Scotland,S92000003,176538,100.8,7227.0,325252.0,197483.0,158738.0,127123.0,164285.0,182845.0,5.25,77.1,73.4,4.8
2024-01,2024,1,2024-01-01,Scotland,S92000003,179248,102.4,6139.0,331181.0,201092.0,162184.0,128270.0,166649.0,185736.0,5.25,76.9,73.4,4.5
2024-02,2024,2,2024-02-01,Scotland,S92000003,175883,100.5,5541.0,323968.0,197348.0,158960.0,126160.0,163290.0,182396.0,5.25,77,73.7,4.3
2024-03,2024,3,2024-03-01,Scotland,S92000003,177778,101.5,7797.0,324329.0,197510.0,159998.0,129144.0,165571.0,184030.0,5.25,76.3,72.9,4.4
2024-04,2024,4,2024-04-01,Scotland,S92000003,180647,103.2,7770.0,324826.0,202544.0,164174.0,131069.0,167667.0,187366.0,5.25,76.4,72.7,4.9
2024-05,2024,5,2024-05-01,Scotland,S92000003,180418,103.0,9125.0,327159.0,201723.0,163102.0,130810.0,168145.0,186689.0,5.25,76.3,72.4,5
2024-06,2024,6,2024-06-01,Scotland,S92000003,181219,103.5,8607.0,326897.0,201912.0,165405.0,131312.0,168600.0,187704.0,5.25,76.5,73.1,4.5
2024-07,2024,7,2024-07-01,Scotland,S92000003,185882,106.2,8758.0,334937.0,208389.0,169699.0,134370.0,172745.0,192656.0,5.25,77.1,73.7,4.4
2024-08,2024,8,2024-08-01,Scotland,S92000003,186285,106.4,9989.0,337549.0,208047.0,170312.0,134352.0,172900.0,193214.0,5.0,76.4,73.4,4
2024-09,2024,9,2024-09-01,Scotland,S92000003,184496,105.4,8483.0,337131.0,207330.0,167834.0,132385.0,171532.0,191172.0,5.0,76.3,73.5,3.6
2024-10,2024,10,2024-10-01,Scotland,S92000003,185664,106.0,9393.0,337231.0,207443.0,169028.0,134003.0,172572.0,192413.0,5.0,76.2,73.3,3.8
2024-11,2024,11,2024-11-01,Scotland,S92000003,184775,105.5,9593.0,338573.0,207970.0,168092.0,132270.0,171479.0,191660.0,5.0,77.3,74.2,4
2024-12,2024,12,2024-12-01,Scotland,S92000003,181800,103.8,7551.0,336245.0,204003.0,165732.0,129461.0,168537.0,188690.0,4.75,77.3,74.1,4.1
2025-01,2025,1,2025-01-01,Scotland,S92000003,185315,105.8,6911.0,341869.0,208615.0,169335.0,131791.0,171654.0,192428.0,4.75,77.2,74.2,3.9
2025-02,2025,2,2025-02-01,Scotland,S92000003,182421,104.2,6186.0,334689.0,204397.0,167262.0,130189.0,168695.0,189585.0,4.75,77.7,74.3,4.4
2025-03,2025,3,2025-03-01,Scotland,S92000003,183642,104.9,7636.0,329915.0,205626.0,169088.0,132432.0,170245.0,190610.0,4.5,78,74.7,4.3
2025-04,2025,4,2025-04-01,Scotland,S92000003,186736,106.7,7718.0,341236.0,210909.0,169564.0,133801.0,173206.0,193768.0,4.5,78.3,74.9,4.3
2025-05,2025,5,2025-05-01,Scotland,S92000003,186677,106.6,8994.0,338971.0,209628.0,171104.0,133930.0,173169.0,193696.0,4.5,77.6,74.9,3.5
2025-06,2025,6,2025-06-01,Scotland,S92000003,190184,108.6,9583.0,343238.0,214564.0,175051.0,136337.0,176251.0,197435.0,4.25,77.9,75,3.7
2025-07,2025,7,2025-07-01,Scotland,S92000003,191136,109.2,9280.0,347353.0,215984.0,176168.0,136261.0,176729.0,198657.0,4.25,77.2,74.5,3.4
2025-08,2025,8,2025-08-01,Scotland,S92000003,192091,109.7,10134.0,351198.0,218703.0,177520.0,135795.0,178031.0,199406.0,4.25,77.3,74.4,3.7
2025-09,2025,9,2025-09-01,Scotland,S92000003,192510,109.9,9259.0,353196.0,218129.0,177803.0,136152.0,178143.0,200000.0,4.0,77.3,74.3,3.8
2025-10,2025,10,2025-10-01,Scotland,S92000003,192757,110.1,10246.0,355340.0,218895.0,177468.0,136042.0,178447.0,200214.0,4.0,78,74.9,3.9
2025-11,2025,11,2025-11-01,Scotland,S92000003,192959,110.2,9098.0,352293.0,218818.0,178750.0,136591.0,178776.0,200342.0,4.0,77.8,74.8,3.9
2025-12,2025,12,2025-12-01,Scotland,S92000003,187909,107.3,8113.0,340499.0,213446.0,174227.0,133442.0,174291.0,194988.0,4.0,77.8,74.7,4
2026-01,2026,1,2026-01-01,Scotland,S92000003,187641,107.2,6989.0,341856.0,213374.0,174165.0,132685.0,173604.0,194962.0,3.75,77.9,74.6,4.2
2026-02,2026,2,2026-02-01,Scotland,S92000003,187780,107.2,6190.0,346474.0,214468.0,173887.0,131670.0,173738.0,195103.0,3.75,77.4,74,4.4
2026-03,2026,3,2026-03-01,Scotland,S92000003,186842,106.7,,340575.0,214184.0,174708.0,131051.0,173312.0,193902.0,3.75,77.4,73.8,4.6
2026-04,2026,4,2026-04-01,Scotland,S92000003,191927,109.6,,350934.0,217987.0,177550.0,135743.0,177663.0,199368.0,3.75,77.8,74.3,4.5
2015-01,2015,1,2015-01-01,South East,E12000008,266846,68.8,10936.0,475969.0,278937.0,218577.0,165180.0,263656.0,268046.0,0.5,80.3,76.5,4.7
2015-02,2015,2,2015-02-01,South East,E12000008,266564,68.8,10909.0,476501.0,277702.0,218264.0,165240.0,263466.0,267720.0,0.5,80.5,76.9,4.5
2015-03,2015,3,2015-03-01,South East,E12000008,267089,68.9,11739.0,477992.0,279168.0,217989.0,165455.0,263868.0,268305.0,0.5,80.6,77.1,4.4
2015-04,2015,4,2015-04-01,South East,E12000008,270576,69.8,11596.0,483378.0,282384.0,222000.0,167116.0,267311.0,271808.0,0.5,80.2,76.8,4.2
2015-05,2015,5,2015-05-01,South East,E12000008,273192,70.5,12900.0,484726.0,286037.0,224235.0,169416.0,269655.0,274555.0,0.5,80.3,76.8,4.4
2015-06,2015,6,2015-06-01,South East,E12000008,277300,71.5,15232.0,493239.0,290513.0,228916.0,170153.0,273132.0,278971.0,0.5,80.3,76.6,4.6
2015-07,2015,7,2015-07-01,South East,E12000008,281987,72.7,16491.0,502669.0,295516.0,231803.0,173452.0,277966.0,283577.0,0.5,80.4,76.8,4.5
2015-08,2015,8,2015-08-01,South East,E12000008,285507,73.6,15511.0,509162.0,299134.0,234798.0,175479.0,281506.0,287083.0,0.5,80.3,76.9,4.2
2015-09,2015,9,2015-09-01,South East,E12000008,286519,73.9,15052.0,514716.0,299009.0,234963.0,175960.0,282659.0,288024.0,0.5,80.5,77.2,4
2015-10,2015,10,2015-10-01,South East,E12000008,288613,74.4,16502.0,516287.0,302380.0,237299.0,176818.0,284158.0,290410.0,0.5,80.8,77.7,3.8
2015-11,2015,11,2015-11-01,South East,E12000008,290685,75.0,14653.0,519351.0,304766.0,238542.0,178637.0,286379.0,292404.0,0.5,80.9,77.8,3.9
2015-12,2015,12,2015-12-01,South East,E12000008,293496,75.7,14723.0,525398.0,307887.0,240887.0,179823.0,288598.0,295506.0,0.5,80.8,77.5,4
2016-01,2016,1,2016-01-01,South East,E12000008,295893,76.3,11281.0,528186.0,311960.0,242177.0,181588.0,291093.0,297852.0,0.5,81,77.8,3.9
2016-02,2016,2,2016-02-01,South East,E12000008,297843,76.8,11988.0,532489.0,312663.0,244418.0,182665.0,292968.0,299836.0,0.5,81.1,77.9,4
2016-03,2016,3,2016-03-01,South East,E12000008,302466,78.0,21531.0,542657.0,316019.0,247695.0,186127.0,297781.0,304357.0,0.5,81.3,78.2,3.8
2016-04,2016,4,2016-04-01,South East,E12000008,299958,77.4,9325.0,531718.0,315101.0,247516.0,184365.0,294592.0,302192.0,0.5,81.3,78,4
2016-05,2016,5,2016-05-01,South East,E12000008,303474,78.3,10633.0,533035.0,317455.0,250546.0,189184.0,298293.0,305610.0,0.5,81.3,78.2,3.8
2016-06,2016,6,2016-06-01,South East,E12000008,307427,79.3,13226.0,546433.0,321445.0,253107.0,189800.0,302049.0,309656.0,0.5,81.3,78.3,3.8
2016-07,2016,7,2016-07-01,South East,E12000008,311400,80.3,14114.0,552031.0,326590.0,256724.0,191920.0,305966.0,313652.0,0.5,81.2,78.4,3.5
2016-08,2016,8,2016-08-01,South East,E12000008,312319,80.6,14632.0,554024.0,326893.0,257315.0,192893.0,307479.0,314274.0,0.5,81.1,78.1,3.8
2016-09,2016,9,2016-09-01,South East,E12000008,309748,79.9,13617.0,551773.0,324952.0,253912.0,191136.0,304884.0,311718.0,0.25,81,78,3.7
2016-10,2016,10,2016-10-01,South East,E12000008,310316,80.0,12356.0,552755.0,325145.0,253402.0,192656.0,305714.0,312154.0,0.25,80.9,78,3.6
2016-11,2016,11,2016-11-01,South East,E12000008,310189,80.0,12669.0,556043.0,324540.0,252991.0,191760.0,305910.0,311868.0,0.25,80.9,78.1,3.5
2016-12,2016,12,2016-12-01,South East,E12000008,311517,80.3,14140.0,555493.0,325486.0,255002.0,193136.0,306642.0,313490.0,0.25,81.2,78.4,3.4
2017-01,2017,1,2017-01-01,South East,E12000008,315255,81.3,10227.0,562928.0,330179.0,257859.0,194863.0,310843.0,316992.0,0.25,81.3,78.4,3.6
2017-02,2017,2,2017-02-01,South East,E12000008,312371,80.6,10887.0,553784.0,324454.0,255230.0,196341.0,308509.0,313865.0,0.25,81.5,78.6,3.5
2017-03,2017,3,2017-03-01,South East,E12000008,312789,80.7,12670.0,558443.0,326920.0,255226.0,194287.0,308269.0,314576.0,0.25,81.4,78.4,3.6
2017-04,2017,4,2017-04-01,South East,E12000008,315949,81.5,11007.0,563783.0,329821.0,257925.0,196487.0,311429.0,317733.0,0.25,81.6,78.6,3.6
2017-05,2017,5,2017-05-01,South East,E12000008,317693,81.9,11895.0,559363.0,332553.0,258924.0,200173.0,313410.0,319370.0,0.25,81.7,78.9,3.5
2017-06,2017,6,2017-06-01,South East,E12000008,320765,82.7,14680.0,567258.0,334800.0,262652.0,200691.0,316696.0,322345.0,0.25,81.9,79.2,3.3
2017-07,2017,7,2017-07-01,South East,E12000008,323510,83.4,13952.0,571248.0,338103.0,264760.0,202593.0,319622.0,325007.0,0.25,82.3,79.7,3.2
2017-08,2017,8,2017-08-01,South East,E12000008,325527,84.0,15084.0,574576.0,339506.0,267675.0,203259.0,321099.0,327263.0,0.25,82,79.3,3.3
2017-09,2017,9,2017-09-01,South East,E12000008,325029,83.8,13696.0,579141.0,339537.0,266161.0,201594.0,320975.0,326599.0,0.25,82.4,79.7,3.2
2017-10,2017,10,2017-10-01,South East,E12000008,324496,83.7,13422.0,577789.0,340464.0,265797.0,200492.0,320499.0,326040.0,0.25,82.3,79.7,3.1
2017-11,2017,11,2017-11-01,South East,E12000008,322627,83.2,13141.0,570942.0,338165.0,264330.0,200756.0,318719.0,324134.0,0.25,82.5,80,3.1
2017-12,2017,12,2017-12-01,South East,E12000008,323152,83.3,13223.0,574073.0,338988.0,265429.0,199553.0,319067.0,324737.0,0.5,82.4,79.7,3.2
2018-01,2018,1,2018-01-01,South East,E12000008,323399,83.4,10093.0,575333.0,339935.0,264436.0,200036.0,319244.0,325015.0,0.5,81.9,78.9,3.6
2018-02,2018,2,2018-02-01,South East,E12000008,323799,83.5,9950.0,577749.0,339785.0,265514.0,199346.0,319621.0,325425.0,0.5,81.5,78.5,3.6
2018-03,2018,3,2018-03-01,South East,E12000008,322289,83.1,11783.0,573762.0,338923.0,265141.0,197742.0,317864.0,324028.0,0.5,81.5,78.5,3.7
2018-04,2018,4,2018-04-01,South East,E12000008,323777,83.5,9781.0,575303.0,341581.0,267475.0,197484.0,319393.0,325496.0,0.5,81.7,78.8,3.6
2018-05,2018,5,2018-05-01,South East,E12000008,324252,83.6,11436.0,577971.0,341777.0,266480.0,198408.0,320188.0,325826.0,0.5,81.7,78.7,3.7
2018-06,2018,6,2018-06-01,South East,E12000008,327114,84.4,13779.0,581159.0,345514.0,268602.0,200645.0,323166.0,328634.0,0.5,81.4,78.3,3.8
2018-07,2018,7,2018-07-01,South East,E12000008,329558,85.0,13184.0,590379.0,346977.0,270982.0,200647.0,325342.0,331196.0,0.5,81.2,78.1,3.8
2018-08,2018,8,2018-08-01,South East,E12000008,330535,85.2,14793.0,589218.0,348195.0,272572.0,201593.0,326574.0,332058.0,0.5,81.1,78,3.9
2018-09,2018,9,2018-09-01,South East,E12000008,329521,85.0,11992.0,590339.0,347899.0,271177.0,199837.0,325972.0,330858.0,0.75,80.9,77.8,3.8
2018-10,2018,10,2018-10-01,South East,E12000008,326923,84.3,13093.0,585678.0,344998.0,268190.0,199062.0,323317.0,328288.0,0.75,81,78.2,3.5
2018-11,2018,11,2018-11-01,South East,E12000008,325704,84.0,13696.0,583592.0,343426.0,268137.0,197677.0,322255.0,326999.0,0.75,81.5,78.8,3.3
2018-12,2018,12,2018-12-01,South East,E12000008,323540,83.4,11914.0,575912.0,341632.0,265414.0,198303.0,320352.0,324719.0,0.75,81.2,78.7,3.1
2019-01,2019,1,2019-01-01,South East,E12000008,324657,83.7,9325.0,584438.0,342960.0,265205.0,197325.0,321317.0,325904.0,0.75,81.3,78.7,3.2
2019-02,2019,2,2019-02-01,South East,E12000008,322509,83.2,9410.0,579092.0,340651.0,264312.0,195892.0,318223.0,324137.0,0.75,81.6,78.9,3.3
2019-03,2019,3,2019-03-01,South East,E12000008,319521,82.4,10703.0,571469.0,338675.0,262615.0,193556.0,315827.0,320912.0,0.75,81.9,79.2,3.3
2019-04,2019,4,2019-04-01,South East,E12000008,321318,82.9,10174.0,574243.0,339928.0,264856.0,194593.0,317434.0,322784.0,0.75,82,79.5,3.1
2019-05,2019,5,2019-05-01,South East,E12000008,320650,82.7,11063.0,570898.0,339459.0,265613.0,193781.0,316641.0,322167.0,0.75,82,79.7,2.9
2019-06,2019,6,2019-06-01,South East,E12000008,323255,83.4,11537.0,575931.0,342134.0,266130.0,196651.0,319742.0,324571.0,0.75,82.1,79.6,3
2019-07,2019,7,2019-07-01,South East,E12000008,324982,83.8,12874.0,578788.0,343665.0,268112.0,197505.0,320249.0,326789.0,0.75,82.2,79.8,2.9
2019-08,2019,8,2019-08-01,South East,E12000008,325154,83.9,14003.0,583517.0,344149.0,268890.0,195111.0,321771.0,326418.0,0.75,81.9,79.2,3.2
2019-09,2019,9,2019-09-01,South East,E12000008,326204,84.1,11931.0,582704.0,343737.0,269914.0,197678.0,322821.0,327468.0,0.75,82.2,79.5,3.3
2019-10,2019,10,2019-10-01,South East,E12000008,324716,83.7,12908.0,580448.0,345465.0,267397.0,195551.0,321031.0,326101.0,0.75,82.2,79.5,3.3
2019-11,2019,11,2019-11-01,South East,E12000008,324631,83.7,13231.0,582630.0,345130.0,267302.0,194757.0,321155.0,325932.0,0.75,82.5,79.8,3.4
2019-12,2019,12,2019-12-01,South East,E12000008,323702,83.5,12615.0,578628.0,342710.0,267340.0,195375.0,319851.0,325154.0,0.75,82.7,80.1,3.2
2020-01,2020,1,2020-01-01,South East,E12000008,324130,83.6,9742.0,579758.0,344801.0,267746.0,194381.0,319842.0,325758.0,0.75,82.9,80.2,3.2
2020-02,2020,2,2020-02-01,South East,E12000008,320582,82.7,9889.0,577915.0,340562.0,264794.0,190631.0,316113.0,322277.0,0.75,82.9,80.3,3.1
2020-03,2020,3,2020-03-01,South East,E12000008,325604,84.0,10166.0,584058.0,345759.0,268644.0,195241.0,321248.0,327258.0,0.75,82.3,79.7,3.2
2020-04,2020,4,2020-04-01,South East,E12000008,327607,84.5,4138.0,594940.0,348853.0,270427.0,192517.0,322907.0,329390.0,0.1,81.8,79.1,3.3
2020-05,2020,5,2020-05-01,South East,E12000008,323236,83.4,5049.0,580549.0,344272.0,265971.0,193408.0,318967.0,324857.0,0.1,81.8,79.2,3.2
2020-06,2020,6,2020-06-01,South East,E12000008,324453,83.7,7833.0,579064.0,345887.0,269976.0,192915.0,320169.0,326079.0,0.1,81.9,79.2,3.3
2020-07,2020,7,2020-07-01,South East,E12000008,328205,84.6,9560.0,588656.0,349157.0,271719.0,195578.0,323490.0,329993.0,0.1,81.9,78.9,3.6
2020-08,2020,8,2020-08-01,South East,E12000008,331902,85.6,9855.0,600641.0,354778.0,275214.0,193951.0,327133.0,333711.0,0.1,82.2,78.8,4.1
2020-09,2020,9,2020-09-01,South East,E12000008,334430,86.3,11245.0,605471.0,356254.0,277288.0,196174.0,330052.0,336092.0,0.1,81.5,77.9,4.4
2020-10,2020,10,2020-10-01,South East,E12000008,334997,86.4,13862.0,606271.0,356157.0,278612.0,196358.0,331455.0,336345.0,0.1,81.7,78.4,4
2020-11,2020,11,2020-11-01,South East,E12000008,339278,87.5,13969.0,614645.0,360202.0,282286.0,198853.0,335828.0,340593.0,0.1,82,78.9,3.7
2020-12,2020,12,2020-12-01,South East,E12000008,340233,87.8,15999.0,615087.0,361284.0,283557.0,199510.0,336952.0,341484.0,0.1,81.7,78.7,3.6
2021-01,2021,1,2021-01-01,South East,E12000008,337566,87.1,13837.0,599908.0,357948.0,281519.0,202631.0,334860.0,338602.0,0.1,81.3,78.5,3.4
2021-02,2021,2,2021-02-01,South East,E12000008,337619,87.1,17351.0,596623.0,357299.0,282643.0,203888.0,334543.0,338784.0,0.1,81,78.3,3.4
2021-03,2021,3,2021-03-01,South East,E12000008,342322,88.3,25948.0,603304.0,361547.0,287046.0,207679.0,339713.0,343326.0,0.1,81,78.1,3.6
2021-04,2021,4,2021-04-01,South East,E12000008,339163,87.5,15234.0,600584.0,358521.0,283707.0,204736.0,335812.0,340423.0,0.1,81.5,78.3,4
2021-05,2021,5,2021-05-01,South East,E12000008,340283,87.8,12933.0,604760.0,360254.0,284524.0,204016.0,336922.0,341548.0,0.1,81,77.5,4.3
2021-06,2021,6,2021-06-01,South East,E12000008,354769,91.5,33565.0,623780.0,373108.0,300693.0,214253.0,352821.0,355549.0,0.1,81.4,77.9,4.3
2021-07,2021,7,2021-07-01,South East,E12000008,339769,87.6,7150.0,606487.0,360891.0,281896.0,203528.0,336386.0,341041.0,0.1,81.4,78,4.1
2021-08,2021,8,2021-08-01,South East,E12000008,350795,90.5,12083.0,632310.0,373099.0,291652.0,206238.0,347874.0,351910.0,0.1,81.6,78.2,4.2
2021-09,2021,9,2021-09-01,South East,E12000008,361613,93.3,22779.0,641515.0,383013.0,304379.0,215397.0,359445.0,362471.0,0.1,81.5,78.3,4
2021-10,2021,10,2021-10-01,South East,E12000008,354140,91.3,9147.0,646266.0,375966.0,292137.0,207055.0,350444.0,355525.0,0.1,81.7,78.4,4.1
2021-11,2021,11,2021-11-01,South East,E12000008,360386,92.9,11737.0,653464.0,383665.0,298600.0,210699.0,357449.0,361509.0,0.1,81.3,77.8,4.2
2021-12,2021,12,2021-12-01,South East,E12000008,362713,93.5,13274.0,653791.0,384041.0,303470.0,212824.0,360321.0,363648.0,0.1,80.9,77.7,3.9
2022-01,2022,1,2022-01-01,South East,E12000008,368184,95.0,10349.0,664988.0,392925.0,306991.0,214051.0,365705.0,369151.0,0.25,80.8,77.6,3.9
2022-02,2022,2,2022-02-01,South East,E12000008,367655,94.8,11495.0,661325.0,391287.0,305857.0,216986.0,364838.0,368747.0,0.25,80.8,77.9,3.6
2022-03,2022,3,2022-03-01,South East,E12000008,369755,95.4,13520.0,666476.0,394378.0,308496.0,215722.0,366261.0,371098.0,0.5,80.8,78,3.5
2022-04,2022,4,2022-04-01,South East,E12000008,370658,95.6,12107.0,666622.0,394237.0,311306.0,215850.0,367512.0,371873.0,0.75,80.9,78.2,3.3
2022-05,2022,5,2022-05-01,South East,E12000008,376100,97.0,11754.0,675810.0,401526.0,314907.0,219107.0,372350.0,377539.0,0.75,80.5,78,3.2
2022-06,2022,6,2022-06-01,South East,E12000008,380603,98.2,12515.0,680221.0,404700.0,320093.0,223761.0,376873.0,382035.0,1.0,80.8,77.9,3.6
2022-07,2022,7,2022-07-01,South East,E12000008,387054,99.8,13367.0,695483.0,414043.0,325768.0,223000.0,383278.0,388504.0,1.25,80.5,77.7,3.5
2022-08,2022,8,2022-08-01,South East,E12000008,390701,100.8,14298.0,702106.0,417430.0,329536.0,224764.0,386908.0,392158.0,1.25,80.8,78.3,3.1
2022-09,2022,9,2022-09-01,South East,E12000008,391553,101.0,14254.0,705354.0,417867.0,329789.0,225170.0,387448.0,393127.0,1.75,80.5,78,3.2
2022-10,2022,10,2022-10-01,South East,E12000008,391862,101.1,13738.0,706182.0,418595.0,329647.0,225277.0,388321.0,393225.0,2.25,80.9,78.1,3.5
2022-11,2022,11,2022-11-01,South East,E12000008,389960,100.6,13867.0,702624.0,416368.0,327945.0,224530.0,385869.0,391528.0,2.25,81.2,78.1,3.8
2022-12,2022,12,2022-12-01,South East,E12000008,388158,100.1,12716.0,694277.0,413908.0,327516.0,225728.0,383619.0,389893.0,3.0,81.7,78.4,4.1
2023-01,2023,1,2023-01-01,South East,E12000008,387727,100.0,8853.0,699421.0,416099.0,325143.0,221968.0,383252.0,389438.0,3.5,81.9,78.6,4.1
2023-02,2023,2,2023-02-01,South East,E12000008,383401,98.9,8634.0,694313.0,409608.0,320617.0,220256.0,379324.0,384958.0,3.5,82,78.6,4.2
2023-03,2023,3,2023-03-01,South East,E12000008,380362,98.1,9788.0,690727.0,407910.0,315963.0,218552.0,375579.0,382191.0,4.0,81.8,78.5,4
2023-04,2023,4,2023-04-01,South East,E12000008,379543,97.9,6980.0,690055.0,406532.0,315559.0,217859.0,376615.0,380659.0,4.25,81.6,78.4,3.9
2023-05,2023,5,2023-05-01,South East,E12000008,377989,97.5,7536.0,679968.0,403834.0,316300.0,218654.0,373892.0,379555.0,4.25,82.2,79,3.9
2023-06,2023,6,2023-06-01,South East,E12000008,377848,97.5,9476.0,681167.0,403419.0,317632.0,217071.0,373872.0,379366.0,4.5,82.1,79,3.8
2023-07,2023,7,2023-07-01,South East,E12000008,381968,98.5,8874.0,689932.0,410722.0,320784.0,217525.0,377212.0,383786.0,5.0,82.9,79.6,4
2023-08,2023,8,2023-08-01,South East,E12000008,381601,98.4,10317.0,690742.0,408987.0,321453.0,216803.0,376887.0,383403.0,5.0,82.1,78.8,4
2023-09,2023,9,2023-09-01,South East,E12000008,379338,97.8,9965.0,684343.0,405959.0,319284.0,216897.0,374294.0,381268.0,5.25,82.5,79.4,3.7
2023-10,2023,10,2023-10-01,South East,E12000008,377965,97.5,9720.0,678099.0,405294.0,317414.0,217582.0,373099.0,379826.0,5.25,82,79,3.6
2023-11,2023,11,2023-11-01,South East,E12000008,375344,96.8,9297.0,680019.0,402546.0,313373.0,215023.0,371098.0,376967.0,5.25,81.8,79,3.4
2023-12,2023,12,2023-12-01,South East,E12000008,367572,94.8,8880.0,660059.0,393624.0,308099.0,212129.0,362576.0,369484.0,5.25,81.4,78.4,3.6
2024-01,2024,1,2024-01-01,South East,E12000008,369326,95.3,7290.0,666313.0,395946.0,310284.0,211195.0,363860.0,371419.0,5.25,81.6,78.3,4.1
2024-02,2024,2,2024-02-01,South East,E12000008,367789,94.9,7996.0,658878.0,395126.0,309231.0,211415.0,362304.0,369893.0,5.25,81.6,78.3,4.1
2024-03,2024,3,2024-03-01,South East,E12000008,366875,94.6,9392.0,658959.0,391262.0,307626.0,212773.0,362060.0,368674.0,5.25,81.6,78.4,3.9
2024-04,2024,4,2024-04-01,South East,E12000008,369214,95.2,8419.0,660325.0,395447.0,310321.0,213547.0,363512.0,371415.0,5.25,81.3,78.2,3.9
2024-05,2024,5,2024-05-01,South East,E12000008,372808,96.2,10212.0,666393.0,399370.0,313694.0,215434.0,367547.0,374804.0,5.25,81.4,78.1,4
2024-06,2024,6,2024-06-01,South East,E12000008,373083,96.2,9754.0,665533.0,398359.0,315473.0,215735.0,367425.0,375260.0,5.25,81.2,78.3,3.5
2024-07,2024,7,2024-07-01,South East,E12000008,377066,97.3,11410.0,674548.0,405063.0,319777.0,214946.0,370665.0,379580.0,5.25,81,78.2,3.4
2024-08,2024,8,2024-08-01,South East,E12000008,381897,98.5,12343.0,684703.0,410110.0,323595.0,217421.0,375646.0,384337.0,5.0,80.8,77.8,3.7
2024-09,2024,9,2024-09-01,South East,E12000008,380519,98.1,10969.0,688500.0,408814.0,320447.0,215662.0,374540.0,382835.0,5.0,80.9,77.6,4.1
2024-10,2024,10,2024-10-01,South East,E12000008,381155,98.3,12745.0,684787.0,407526.0,321575.0,218709.0,375899.0,383139.0,5.0,80.9,77.7,3.9
2024-11,2024,11,2024-11-01,South East,E12000008,377413,97.3,12058.0,677782.0,407142.0,318819.0,214023.0,370351.0,380229.0,5.0,81,77.7,4.1
2024-12,2024,12,2024-12-01,South East,E12000008,378958,97.7,11143.0,685745.0,406818.0,319899.0,214348.0,372672.0,381417.0,4.75,81.2,78,3.9
2025-01,2025,1,2025-01-01,South East,E12000008,381267,98.3,9853.0,687755.0,411684.0,322611.0,214368.0,373406.0,384447.0,4.75,81.8,78.4,4.1
2025-02,2025,2,2025-02-01,South East,E12000008,380137,98.0,10981.0,683084.0,409105.0,322303.0,215245.0,372880.0,383068.0,4.75,81.7,78.5,4
2025-03,2025,3,2025-03-01,South East,E12000008,381452,98.4,22129.0,672379.0,408311.0,325375.0,221597.0,374294.0,384342.0,4.5,82.2,78.7,4.3
2025-04,2025,4,2025-04-01,South East,E12000008,375519,96.9,4901.0,687838.0,406788.0,314681.0,208404.0,366683.0,379106.0,4.5,82.6,79.1,4.3
2025-05,2025,5,2025-05-01,South East,E12000008,376044,97.0,8240.0,679545.0,406032.0,318968.0,210306.0,367373.0,379562.0,4.5,82.2,78.9,4
2025-06,2025,6,2025-06-01,South East,E12000008,379190,97.8,10089.0,684450.0,409562.0,321226.0,212633.0,371170.0,382437.0,4.25,82.3,79.1,4
2025-07,2025,7,2025-07-01,South East,E12000008,380669,98.2,11055.0,686731.0,412527.0,322786.0,212460.0,372643.0,383918.0,4.25,81.9,78.8,3.8
2025-08,2025,8,2025-08-01,South East,E12000008,384746,99.2,11146.0,693276.0,418687.0,327164.0,213181.0,376358.0,388145.0,4.25,82.1,78.9,4
2025-09,2025,9,2025-09-01,South East,E12000008,381496,98.4,9605.0,691696.0,414432.0,324310.0,210161.0,373833.0,384595.0,4.0,82.1,78.7,4.1
2025-10,2025,10,2025-10-01,South East,E12000008,385133,99.3,11281.0,695971.0,419573.0,326932.0,212706.0,376179.0,388767.0,4.0,82,78.5,4.2
2025-11,2025,11,2025-11-01,South East,E12000008,381561,98.4,9626.0,691847.0,414625.0,324710.0,209831.0,373119.0,384983.0,4.0,82.2,78.8,4.1
2025-12,2025,12,2025-12-01,South East,E12000008,376823,97.2,8628.0,679343.0,409434.0,321277.0,208391.0,368003.0,380403.0,4.0,82.1,78.7,4.1
2026-01,2026,1,2026-01-01,South East,E12000008,378178,97.5,6506.0,681131.0,413055.0,323590.0,207092.0,369229.0,381811.0,3.75,81.9,78.6,4.1
2026-02,2026,2,2026-02-01,South East,E12000008,378125,97.5,6723.0,683904.0,413186.0,321422.0,207432.0,369151.0,381768.0,3.75,81.8,78.6,4
2026-03,2026,3,2026-03-01,South East,E12000008,377815,97.4,,682195.0,413133.0,323262.0,205838.0,368349.0,381652.0,3.75,81.6,78.4,3.9
2026-04,2026,4,2026-04-01,South East,E12000008,376819,97.2,,679907.0,411203.0,321496.0,206838.0,367359.0,380653.0,3.75,81.4,78.2,3.8
2015-01,2015,1,2015-01-01,South West,E12000009,205460,66.5,6613.0,337309.0,209393.0,173513.0,132441.0,212544.0,201477.0,0.5,80.2,76.5,4.6
2015-02,2015,2,2015-02-01,South West,E12000009,202730,65.6,6543.0,332591.0,206399.0,171638.0,130442.0,209407.0,198998.0,0.5,80.7,76.8,4.8
2015-03,2015,3,2015-03-01,South West,E12000009,204718,66.2,7558.0,336281.0,208891.0,172617.0,131991.0,211379.0,201000.0,0.5,80.9,77.3,4.5
2015-04,2015,4,2015-04-01,South West,E12000009,207065,67.0,7557.0,340193.0,211126.0,175650.0,132225.0,213785.0,203315.0,0.5,80.7,77.2,4.4
2015-05,2015,5,2015-05-01,South West,E12000009,207988,67.3,8517.0,340482.0,212287.0,175883.0,134152.0,214934.0,204099.0,0.5,80.9,77.1,4.7
2015-06,2015,6,2015-06-01,South West,E12000009,210000,67.9,10048.0,343559.0,214697.0,178491.0,134138.0,216563.0,206357.0,0.5,81.7,78,4.5
2015-07,2015,7,2015-07-01,South West,E12000009,212376,68.7,10642.0,347860.0,217334.0,180262.0,135546.0,218693.0,208894.0,0.5,81.9,78.4,4.3
2015-08,2015,8,2015-08-01,South West,E12000009,215432,69.7,9970.0,353230.0,220237.0,182851.0,137442.0,221935.0,211840.0,0.5,81.9,78.5,4.1
2015-09,2015,9,2015-09-01,South West,E12000009,216615,70.1,9895.0,357458.0,220606.0,183175.0,138255.0,223616.0,212710.0,0.5,81.5,78.2,4.1
2015-10,2015,10,2015-10-01,South West,E12000009,216413,70.0,10353.0,355342.0,221247.0,183706.0,137709.0,223045.0,212741.0,0.5,81.4,78.2,3.9
2015-11,2015,11,2015-11-01,South West,E12000009,218598,70.7,9283.0,360048.0,223615.0,184920.0,139102.0,225506.0,214756.0,0.5,80.9,77.8,3.9
2015-12,2015,12,2015-12-01,South West,E12000009,218950,70.8,9766.0,361006.0,223609.0,185130.0,139482.0,225519.0,215325.0,0.5,80.6,77.5,3.8
2016-01,2016,1,2016-01-01,South West,E12000009,218652,70.7,7182.0,358027.0,224925.0,184938.0,139559.0,224614.0,215411.0,0.5,80.1,77,3.9
2016-02,2016,2,2016-02-01,South West,E12000009,219595,71.0,8027.0,360477.0,225218.0,186165.0,139546.0,225717.0,216254.0,0.5,80.1,76.9,3.9
2016-03,2016,3,2016-03-01,South West,E12000009,225467,72.9,14439.0,371640.0,229446.0,190372.0,144689.0,232482.0,221575.0,0.5,80.5,77,4.4
2016-04,2016,4,2016-04-01,South West,E12000009,219704,71.1,5901.0,358041.0,225188.0,186714.0,140827.0,224768.0,217039.0,0.5,80.5,77,4.3
2016-05,2016,5,2016-05-01,South West,E12000009,223257,72.2,7144.0,360548.0,228196.0,190005.0,145414.0,228685.0,220368.0,0.5,80.7,77.4,4.1
2016-06,2016,6,2016-06-01,South West,E12000009,225556,73.0,9089.0,367730.0,230558.0,191447.0,145281.0,230952.0,222694.0,0.5,80.9,77.5,4.2
2016-07,2016,7,2016-07-01,South West,E12000009,227453,73.6,9342.0,369116.0,232663.0,193806.0,146520.0,232841.0,224600.0,0.5,80.9,77.3,4.5
2016-08,2016,8,2016-08-01,South West,E12000009,228579,73.9,9821.0,371771.0,233734.0,194537.0,147063.0,234209.0,225575.0,0.5,80.6,77,4.5
2016-09,2016,9,2016-09-01,South West,E12000009,228885,74.0,9276.0,374986.0,234206.0,193427.0,147139.0,234879.0,225649.0,0.25,80.7,77.4,4
2016-10,2016,10,2016-10-01,South West,E12000009,227406,73.6,8873.0,371628.0,232867.0,191652.0,147350.0,233143.0,224331.0,0.25,80.7,77.7,3.7
2016-11,2016,11,2016-11-01,South West,E12000009,228886,74.0,9086.0,377587.0,233784.0,191917.0,147764.0,235530.0,225238.0,0.25,80.6,77.6,3.7
2016-12,2016,12,2016-12-01,South West,E12000009,228054,73.8,9921.0,374223.0,232491.0,192000.0,147846.0,234135.0,224761.0,0.25,80.6,77.6,3.6
2017-01,2017,1,2017-01-01,South West,E12000009,230507,74.6,6958.0,378398.0,235612.0,193820.0,149169.0,236414.0,227330.0,0.25,81,78.1,3.6
2017-02,2017,2,2017-02-01,South West,E12000009,230810,74.7,7145.0,377667.0,234443.0,193912.0,151393.0,237501.0,227147.0,0.25,81.7,78.7,3.7
2017-03,2017,3,2017-03-01,South West,E12000009,229946,74.4,8763.0,377707.0,234482.0,192603.0,149988.0,236338.0,226467.0,0.25,81.6,78.6,3.7
2017-04,2017,4,2017-04-01,South West,E12000009,232109,75.1,7470.0,379696.0,236820.0,195304.0,151144.0,238244.0,228794.0,0.25,81.8,78.9,3.5
2017-05,2017,5,2017-05-01,South West,E12000009,234080,75.7,8279.0,379723.0,239410.0,196340.0,154664.0,240392.0,230659.0,0.25,82,78.9,3.7
2017-06,2017,6,2017-06-01,South West,E12000009,236500,76.5,10186.0,385698.0,241158.0,199275.0,154477.0,242883.0,233040.0,0.25,81.6,78.4,3.8
2017-07,2017,7,2017-07-01,South West,E12000009,240231,77.7,9322.0,391358.0,245563.0,201912.0,157332.0,246361.0,236937.0,0.25,81.1,77.7,4.1
2017-08,2017,8,2017-08-01,South West,E12000009,241705,78.2,10281.0,393665.0,247064.0,204304.0,156967.0,247412.0,238679.0,0.25,81,77.8,3.9
2017-09,2017,9,2017-09-01,South West,E12000009,240679,77.9,9403.0,394870.0,246241.0,202958.0,155014.0,246655.0,237483.0,0.25,80.8,77.7,3.8
2017-10,2017,10,2017-10-01,South West,E12000009,242236,78.4,9426.0,396325.0,248449.0,203742.0,156839.0,248670.0,238756.0,0.25,81,78,3.7
2017-11,2017,11,2017-11-01,South West,E12000009,240656,77.9,9494.0,393562.0,246862.0,202433.0,155874.0,247252.0,237073.0,0.25,81.7,78.7,3.7
2017-12,2017,12,2017-12-01,South West,E12000009,240621,77.8,9462.0,393514.0,246775.0,202961.0,155216.0,246869.0,237255.0,0.5,81.8,78.8,3.7
2018-01,2018,1,2018-01-01,South West,E12000009,243733,78.9,6722.0,399487.0,250516.0,204791.0,157252.0,250203.0,240234.0,0.5,82.2,79.2,3.7
2018-02,2018,2,2018-02-01,South West,E12000009,242054,78.3,7110.0,397454.0,247771.0,203479.0,156417.0,248517.0,238557.0,0.5,82,79.2,3.4
2018-03,2018,3,2018-03-01,South West,E12000009,241882,78.3,7734.0,396694.0,248290.0,203948.0,155318.0,247819.0,238710.0,0.5,82.1,79.3,3.5
2018-04,2018,4,2018-04-01,South West,E12000009,241533,78.1,7058.0,395529.0,248875.0,204608.0,153595.0,246495.0,238967.0,0.5,82.2,79.4,3.3
2018-05,2018,5,2018-05-01,South West,E12000009,242381,78.4,8038.0,398290.0,249491.0,204489.0,154462.0,248339.0,239197.0,0.5,81.8,79.1,3.3
2018-06,2018,6,2018-06-01,South West,E12000009,243801,78.9,9476.0,398487.0,251590.0,205404.0,156535.0,249778.0,240608.0,0.5,81.8,79.3,3.1
2018-07,2018,7,2018-07-01,South West,E12000009,247941,80.2,8792.0,407841.0,254965.0,209015.0,158137.0,253924.0,244752.0,0.5,81.5,79.2,2.8
2018-08,2018,8,2018-08-01,South West,E12000009,249459,80.7,10305.0,408791.0,257003.0,210904.0,158977.0,255494.0,246242.0,0.5,81.4,79.1,2.9
2018-09,2018,9,2018-09-01,South West,E12000009,249819,80.8,8137.0,411113.0,257354.0,210494.0,158982.0,256323.0,246312.0,0.75,81.4,78.9,3
2018-10,2018,10,2018-10-01,South West,E12000009,247946,80.2,9362.0,408358.0,255787.0,208392.0,157916.0,254120.0,244639.0,0.75,81.2,78.7,3.1
2018-11,2018,11,2018-11-01,South West,E12000009,247975,80.2,9595.0,409018.0,255617.0,209141.0,156865.0,254603.0,244389.0,0.75,81.8,79.2,3.2
2018-12,2018,12,2018-12-01,South West,E12000009,247636,80.1,8447.0,407147.0,255504.0,207755.0,158575.0,253935.0,244252.0,0.75,82.3,79.8,3.1
2019-01,2019,1,2019-01-01,South West,E12000009,245759,79.5,6526.0,407179.0,253458.0,206130.0,155585.0,252209.0,242277.0,0.75,82.4,79.9,3
2019-02,2019,2,2019-02-01,South West,E12000009,246349,79.7,6476.0,406884.0,254030.0,206445.0,156989.0,252462.0,243051.0,0.75,82.2,80,2.7
2019-03,2019,3,2019-03-01,South West,E12000009,244233,79.0,7615.0,401979.0,253106.0,205515.0,154498.0,249258.0,241531.0,0.75,81.9,79.8,2.6
2019-04,2019,4,2019-04-01,South West,E12000009,244108,79.0,6983.0,399711.0,252691.0,207068.0,153968.0,248843.0,241564.0,0.75,82.7,80.3,2.8
2019-05,2019,5,2019-05-01,South West,E12000009,243728,78.9,7763.0,399877.0,252138.0,206352.0,153829.0,249780.0,240462.0,0.75,82.6,80.4,2.6
2019-06,2019,6,2019-06-01,South West,E12000009,243886,78.9,8057.0,400815.0,252827.0,205880.0,153806.0,249420.0,240905.0,0.75,83.2,80.9,2.7
2019-07,2019,7,2019-07-01,South West,E12000009,249181,80.6,8596.0,409106.0,257525.0,210908.0,157371.0,254707.0,246204.0,0.75,83.1,81.1,2.4
2019-08,2019,8,2019-08-01,South West,E12000009,249320,80.7,9127.0,409980.0,257677.0,211637.0,156342.0,255108.0,246201.0,0.75,83.3,81.3,2.5
2019-09,2019,9,2019-09-01,South West,E12000009,249763,80.8,7938.0,410092.0,257157.0,211877.0,157937.0,256244.0,246265.0,0.75,83.1,80.9,2.7
2019-10,2019,10,2019-10-01,South West,E12000009,249635,80.8,8781.0,409813.0,259513.0,210674.0,157198.0,256074.0,246159.0,0.75,82.9,80.5,2.8
2019-11,2019,11,2019-11-01,South West,E12000009,247600,80.1,9101.0,408056.0,257317.0,209383.0,154512.0,253896.0,244202.0,0.75,81.9,79.5,3
2019-12,2019,12,2019-12-01,South West,E12000009,247416,80.0,8489.0,405587.0,256067.0,209839.0,155851.0,253524.0,244121.0,0.75,82.1,79.7,2.8
2020-01,2020,1,2020-01-01,South West,E12000009,248521,80.4,6566.0,408683.0,258616.0,210226.0,155288.0,254287.0,245413.0,0.75,82.2,79.7,3
2020-02,2020,2,2020-02-01,South West,E12000009,247281,80.0,6465.0,407630.0,256531.0,209782.0,153824.0,253128.0,244132.0,0.75,82,79.3,3.3
2020-03,2020,3,2020-03-01,South West,E12000009,250417,81.0,6818.0,411864.0,260046.0,211949.0,156754.0,255983.0,247410.0,0.75,81.4,78.6,3.4
2020-04,2020,4,2020-04-01,South West,E12000009,247576,80.1,2467.0,408323.0,258168.0,210901.0,151721.0,251858.0,245229.0,0.1,81,78.4,3.3
2020-05,2020,5,2020-05-01,South West,E12000009,247280,80.0,3494.0,405845.0,257762.0,209067.0,154791.0,252183.0,244614.0,0.1,81.2,78.2,3.6
2020-06,2020,6,2020-06-01,South West,E12000009,250343,81.0,5379.0,409097.0,260577.0,213140.0,156432.0,255053.0,247775.0,0.1,80.7,77.5,3.9
2020-07,2020,7,2020-07-01,South West,E12000009,254397,82.3,6413.0,418617.0,264335.0,215542.0,158705.0,259992.0,251372.0,0.1,80.4,76.9,4.4
2020-08,2020,8,2020-08-01,South West,E12000009,255918,82.8,6477.0,422163.0,266886.0,217575.0,157272.0,261194.0,253056.0,0.1,80.2,76.6,4.5
2020-09,2020,9,2020-09-01,South West,E12000009,260328,84.2,7310.0,431058.0,270214.0,221083.0,160298.0,266421.0,257046.0,0.1,79.7,76.1,4.6
2020-10,2020,10,2020-10-01,South West,E12000009,262275,84.9,9373.0,435999.0,271823.0,223179.0,160227.0,269277.0,258528.0,0.1,80.4,76.5,4.9
2020-11,2020,11,2020-11-01,South West,E12000009,263680,85.3,9128.0,437257.0,273103.0,224427.0,161861.0,270351.0,260101.0,0.1,80.6,77.1,4.4
2020-12,2020,12,2020-12-01,South West,E12000009,266843,86.3,10808.0,441882.0,275900.0,227701.0,163924.0,273616.0,263209.0,0.1,80.4,76.7,4.6
2021-01,2021,1,2021-01-01,South West,E12000009,263614,85.3,8374.0,429927.0,272891.0,225554.0,165251.0,270582.0,259883.0,0.1,80.4,76.8,4.5
2021-02,2021,2,2021-02-01,South West,E12000009,264702,85.6,10920.0,430732.0,273484.0,226890.0,166628.0,271810.0,260905.0,0.1,80.5,77.2,4.2
2021-03,2021,3,2021-03-01,South West,E12000009,268671,86.9,15555.0,434737.0,276915.0,230811.0,170921.0,275531.0,264980.0,0.1,79.8,76.7,3.9
2021-04,2021,4,2021-04-01,South West,E12000009,265562,85.9,10061.0,432529.0,273888.0,227716.0,167214.0,272098.0,262028.0,0.1,79.4,76.6,3.6
2021-05,2021,5,2021-05-01,South West,E12000009,262927,85.1,8283.0,429124.0,272257.0,225472.0,163886.0,269192.0,259524.0,0.1,79.9,77.1,3.5
2021-06,2021,6,2021-06-01,South West,E12000009,281947,91.2,19196.0,456018.0,288773.0,244189.0,178731.0,290533.0,277435.0,0.1,80,77.2,3.5
2021-07,2021,7,2021-07-01,South West,E12000009,258746,83.7,5738.0,420511.0,269663.0,221310.0,161731.0,264048.0,255798.0,0.1,80.6,77.8,3.5
2021-08,2021,8,2021-08-01,South West,E12000009,272401,88.1,8309.0,448281.0,282945.0,232629.0,167531.0,279407.0,268636.0,0.1,80.6,77.7,3.6
2021-09,2021,9,2021-09-01,South West,E12000009,283935,91.9,15878.0,463314.0,293400.0,244346.0,176537.0,292199.0,279567.0,0.1,81.3,78.4,3.6
2021-10,2021,10,2021-10-01,South West,E12000009,276090,89.3,5759.0,461620.0,286185.0,234118.0,167266.0,283790.0,271997.0,0.1,80.7,77.9,3.5
2021-11,2021,11,2021-11-01,South West,E12000009,284105,91.9,7896.0,471456.0,295410.0,241661.0,172875.0,292153.0,279837.0,0.1,81.2,78.6,3.3
2021-12,2021,12,2021-12-01,South West,E12000009,285237,92.3,9005.0,472131.0,294199.0,243878.0,175005.0,293555.0,280842.0,0.1,81.1,78.6,3.1
2022-01,2022,1,2022-01-01,South West,E12000009,291018,94.1,6560.0,480859.0,302503.0,248512.0,177426.0,298791.0,286862.0,0.25,81,78.6,2.9
2022-02,2022,2,2022-02-01,South West,E12000009,291034,94.2,7510.0,480246.0,302137.0,248103.0,178838.0,299203.0,286672.0,0.25,80.9,78.6,2.8
2022-03,2022,3,2022-03-01,South West,E12000009,291647,94.4,8640.0,481903.0,303776.0,248937.0,177401.0,297719.0,288384.0,0.5,81.2,79,2.7
2022-04,2022,4,2022-04-01,South West,E12000009,296983,96.1,7783.0,489073.0,307652.0,255305.0,181096.0,304720.0,292846.0,0.75,81.4,79.2,2.8
2022-05,2022,5,2022-05-01,South West,E12000009,301875,97.7,7751.0,496439.0,314364.0,259315.0,183408.0,309544.0,297771.0,0.75,81.1,79.1,2.6
2022-06,2022,6,2022-06-01,South West,E12000009,299771,97.0,8145.0,492592.0,311994.0,257362.0,182785.0,305989.0,296430.0,1.0,80.3,78.1,2.8
2022-07,2022,7,2022-07-01,South West,E12000009,309032,100.0,8500.0,508006.0,323174.0,266328.0,185615.0,315257.0,305685.0,1.25,80.4,78.1,2.8
2022-08,2022,8,2022-08-01,South West,E12000009,314238,101.7,8865.0,518122.0,326467.0,271459.0,188598.0,323182.0,309465.0,1.25,80.5,78.2,2.9
2022-09,2022,9,2022-09-01,South West,E12000009,314370,101.7,9058.0,518642.0,327651.0,270526.0,188853.0,320850.0,310887.0,1.75,80.7,78.5,2.7
2022-10,2022,10,2022-10-01,South West,E12000009,313800,101.5,8820.0,518916.0,327017.0,269526.0,188250.0,320720.0,310085.0,2.25,80.8,78.9,2.4
2022-11,2022,11,2022-11-01,South West,E12000009,313892,101.5,8875.0,518966.0,326664.0,270028.0,188239.0,322100.0,309502.0,2.25,81.2,79.2,2.5
2022-12,2022,12,2022-12-01,South West,E12000009,308957,100.0,8684.0,506999.0,321115.0,266163.0,188141.0,315999.0,305180.0,3.0,82,80,2.4
2023-01,2023,1,2023-01-01,South West,E12000009,309102,100.0,5719.0,512852.0,324264.0,264340.0,183724.0,315066.0,305893.0,3.5,81.9,79.8,2.6
2023-02,2023,2,2023-02-01,South West,E12000009,306826,99.3,5738.0,509451.0,320199.0,261947.0,183690.0,313047.0,303480.0,3.5,81,79.1,2.4
2023-03,2023,3,2023-03-01,South West,E12000009,303206,98.1,6565.0,504191.0,317279.0,257631.0,181816.0,309959.0,299580.0,4.0,80.6,78.5,2.6
2023-04,2023,4,2023-04-01,South West,E12000009,302791,98.0,4645.0,502958.0,317673.0,258166.0,180431.0,308897.0,299507.0,4.25,80.7,78,3.3
2023-05,2023,5,2023-05-01,South West,E12000009,302199,97.8,5027.0,498098.0,315640.0,258127.0,182425.0,308133.0,299006.0,4.25,80.5,77.8,3.4
2023-06,2023,6,2023-06-01,South West,E12000009,300808,97.3,6526.0,496941.0,313988.0,258206.0,179909.0,307525.0,297201.0,4.5,80.6,77.7,3.6
2023-07,2023,7,2023-07-01,South West,E12000009,306036,99.0,6084.0,504856.0,321470.0,263309.0,181507.0,312136.0,302755.0,5.0,80.3,77.2,3.8
2023-08,2023,8,2023-08-01,South West,E12000009,307132,99.4,7051.0,508033.0,321950.0,264945.0,181248.0,313122.0,303909.0,5.0,80.8,77.9,3.5
2023-09,2023,9,2023-09-01,South West,E12000009,304837,98.6,6974.0,503137.0,318733.0,262697.0,181185.0,311430.0,301295.0,5.25,81.1,78.2,3.6
2023-10,2023,10,2023-10-01,South West,E12000009,305147,98.7,6671.0,501635.0,319777.0,261973.0,182862.0,311248.0,301866.0,5.25,81.3,78.9,3
2023-11,2023,11,2023-11-01,South West,E12000009,299952,97.0,6338.0,495045.0,314637.0,256801.0,179294.0,306114.0,296640.0,5.25,81.2,78.8,3
2023-12,2023,12,2023-12-01,South West,E12000009,294676,95.3,6034.0,483300.0,308871.0,253529.0,176566.0,299821.0,291903.0,5.25,79.4,77,3
2024-01,2024,1,2024-01-01,South West,E12000009,299150,96.8,4915.0,492748.0,313641.0,257796.0,177753.0,305383.0,295800.0,5.25,80.1,77.4,3.4
2024-02,2024,2,2024-02-01,South West,E12000009,296587,96.0,5441.0,486537.0,312168.0,255141.0,176921.0,302129.0,293646.0,5.25,80.2,77.6,3.3
2024-03,2024,3,2024-03-01,South West,E12000009,295240,95.5,6149.0,483976.0,308493.0,253228.0,178896.0,301040.0,292143.0,5.25,80.3,77.7,3.3
2024-04,2024,4,2024-04-01,South West,E12000009,297850,96.4,5630.0,484482.0,312459.0,256763.0,180275.0,302730.0,295308.0,5.25,81,77.9,3.8
2024-05,2024,5,2024-05-01,South West,E12000009,298492,96.6,6646.0,486337.0,312869.0,257189.0,180536.0,303859.0,295659.0,5.25,81.2,78.1,3.8
2024-06,2024,6,2024-06-01,South West,E12000009,297239,96.2,6739.0,483325.0,311256.0,257506.0,179040.0,302269.0,294606.0,5.25,81.4,78.4,3.7
2024-07,2024,7,2024-07-01,South West,E12000009,301845,97.7,7356.0,491712.0,317404.0,262136.0,179581.0,306501.0,299442.0,5.25,81.8,78.9,3.6
2024-08,2024,8,2024-08-01,South West,E12000009,303164,98.1,8095.0,494317.0,318252.0,263070.0,180747.0,307475.0,300971.0,5.0,81.6,78.7,3.5
2024-09,2024,9,2024-09-01,South West,E12000009,304305,98.4,7368.0,500023.0,320228.0,263095.0,179682.0,309406.0,301639.0,5.0,81.9,78.7,3.9
2024-10,2024,10,2024-10-01,South West,E12000009,306423,99.1,8698.0,499470.0,320668.0,265426.0,184067.0,311367.0,303853.0,5.0,82.3,78.9,4.1
2024-11,2024,11,2024-11-01,South West,E12000009,300240,97.1,8069.0,491651.0,316937.0,259347.0,177744.0,304883.0,297843.0,5.0,81.9,78.6,4
2024-12,2024,12,2024-12-01,South West,E12000009,300210,97.1,7468.0,494886.0,315619.0,259437.0,176719.0,304730.0,297887.0,4.75,82.3,78.9,4.1
2025-01,2025,1,2025-01-01,South West,E12000009,301828,97.6,6250.0,494822.0,318887.0,261988.0,176798.0,306095.0,299660.0,4.75,82.2,79.4,3.4
2025-02,2025,2,2025-02-01,South West,E12000009,301560,97.6,7046.0,492417.0,317648.0,262380.0,177915.0,305575.0,299525.0,4.75,82.8,80.1,3.3
2025-03,2025,3,2025-03-01,South West,E12000009,303287,98.1,13974.0,487868.0,318327.0,264831.0,183405.0,307596.0,301097.0,4.5,82.7,80.1,3.1
2025-04,2025,4,2025-04-01,South West,E12000009,292255,94.5,3414.0,483687.0,309996.0,250710.0,170745.0,295286.0,290738.0,4.5,82.7,80.1,3.2
2025-05,2025,5,2025-05-01,South West,E12000009,296607,96.0,5645.0,488200.0,314008.0,257211.0,172339.0,300041.0,294878.0,4.5,83.1,80.4,3.2
2025-06,2025,6,2025-06-01,South West,E12000009,298270,96.5,6684.0,487743.0,315436.0,259365.0,174714.0,301848.0,296464.0,4.25,82.9,80.1,3.4
2025-07,2025,7,2025-07-01,South West,E12000009,302768,98.0,7568.0,495881.0,321281.0,263208.0,176091.0,306548.0,300857.0,4.25,82.7,79.8,3.5
2025-08,2025,8,2025-08-01,South West,E12000009,305285,98.8,7345.0,501154.0,325154.0,265617.0,175693.0,309216.0,303296.0,4.25,82.3,79.2,3.8
2025-09,2025,9,2025-09-01,South West,E12000009,303536,98.2,6425.0,498766.0,322619.0,264858.0,174106.0,307479.0,301539.0,4.0,82.2,79.4,3.4
2025-10,2025,10,2025-10-01,South West,E12000009,302910,98.0,7576.0,496386.0,323527.0,264209.0,173439.0,306095.0,301314.0,4.0,81.9,79,3.6
2025-11,2025,11,2025-11-01,South West,E12000009,305978,99.0,6691.0,501952.0,325362.0,267154.0,175703.0,309214.0,304356.0,4.0,81.7,78.7,3.6
2025-12,2025,12,2025-12-01,South West,E12000009,300869,97.3,5870.0,492961.0,320374.0,262174.0,173341.0,304238.0,299174.0,4.0,81.6,78.5,3.8
2026-01,2026,1,2026-01-01,South West,E12000009,299003,96.7,4368.0,487781.0,319521.0,262283.0,170807.0,302051.0,297478.0,3.75,81.9,78.8,3.9
2026-02,2026,2,2026-02-01,South West,E12000009,300394,97.2,4683.0,493493.0,321513.0,261525.0,171172.0,303585.0,298800.0,3.75,81.7,78.4,4
2026-03,2026,3,2026-03-01,South West,E12000009,301622,97.6,,494113.0,322839.0,264010.0,171166.0,303810.0,300521.0,3.75,81.6,78.1,4.3
2026-04,2026,4,2026-04-01,South West,E12000009,302618,97.9,,494978.0,323720.0,264272.0,173083.0,304656.0,301591.0,3.75,81.4,77.8,4.5
2015-01,2015,1,2015-01-01,Wales,W92000004,128912,63.9,2730.0,205719.0,125798.0,99981.0,90927.0,130870.0,127883.0,0.5,74.5,69.8,6.4
2015-02,2015,2,2015-02-01,Wales,W92000004,128403,63.6,2750.0,205965.0,125100.0,99216.0,90797.0,130405.0,127349.0,0.5,74.4,69.8,6.2
2015-03,2015,3,2015-03-01,Wales,W92000004,128044,63.4,3274.0,205605.0,124700.0,98769.0,91002.0,130147.0,126933.0,0.5,74.5,69.6,6.7
2015-04,2015,4,2015-04-01,Wales,W92000004,129756,64.3,3150.0,207176.0,125943.0,101205.0,90891.0,131565.0,128813.0,0.5,75.2,70.4,6.3
2015-05,2015,5,2015-05-01,Wales,W92000004,130243,64.5,3580.0,206859.0,127177.0,101449.0,91601.0,132022.0,129317.0,0.5,75.8,70.9,6.4
2015-06,2015,6,2015-06-01,Wales,W92000004,131119,65.0,4052.0,208640.0,128349.0,101916.0,91539.0,132942.0,130168.0,0.5,76.1,71.7,5.7
2015-07,2015,7,2015-07-01,Wales,W92000004,131815,65.3,4469.0,210050.0,128796.0,102374.0,92471.0,133668.0,130847.0,0.5,76.3,71.3,6.6
2015-08,2015,8,2015-08-01,Wales,W92000004,133176,66.0,3918.0,212359.0,129481.0,103825.0,93356.0,135424.0,131985.0,0.5,75.8,70.8,6.6
2015-09,2015,9,2015-09-01,Wales,W92000004,132795,65.8,3801.0,213343.0,129095.0,102951.0,92712.0,134938.0,131663.0,0.5,75.7,70.6,6.7
2015-10,2015,10,2015-10-01,Wales,W92000004,133423,66.1,4500.0,212880.0,130474.0,103554.0,93125.0,134952.0,132641.0,0.5,75.3,70.6,6.2
2015-11,2015,11,2015-11-01,Wales,W92000004,133482,66.1,4064.0,213919.0,130464.0,103332.0,92803.0,135539.0,132400.0,0.5,74.9,70.7,5.7
2015-12,2015,12,2015-12-01,Wales,W92000004,133999,66.4,4129.0,214739.0,130627.0,103886.0,93487.0,135722.0,133107.0,0.5,75.4,71.3,5.5
2016-01,2016,1,2016-01-01,Wales,W92000004,132574,65.7,2788.0,211084.0,129658.0,102878.0,93332.0,134326.0,131665.0,0.5,75.7,71.7,5.3
2016-02,2016,2,2016-02-01,Wales,W92000004,135127,66.9,3215.0,215355.0,131956.0,104950.0,94945.0,136728.0,134305.0,0.5,76,72.2,5
2016-03,2016,3,2016-03-01,Wales,W92000004,134091,66.4,5744.0,214776.0,130359.0,103854.0,95143.0,136366.0,132885.0,0.5,76.1,72.4,4.8
2016-04,2016,4,2016-04-01,Wales,W92000004,134382,66.6,2822.0,212591.0,131313.0,105254.0,93388.0,135430.0,133878.0,0.5,75.6,72.1,4.7
2016-05,2016,5,2016-05-01,Wales,W92000004,136627,67.7,3125.0,216042.0,133278.0,106889.0,96244.0,138052.0,135908.0,0.5,76.2,72.9,4.3
2016-06,2016,6,2016-06-01,Wales,W92000004,138664,68.7,3812.0,220783.0,135130.0,107986.0,97391.0,140252.0,137852.0,0.5,75.5,72.4,4.1
2016-07,2016,7,2016-07-01,Wales,W92000004,138575,68.7,4057.0,219613.0,135118.0,108428.0,96856.0,139908.0,137909.0,0.5,76.5,73.4,4.2
2016-08,2016,8,2016-08-01,Wales,W92000004,137657,68.2,4122.0,217963.0,134019.0,107793.0,96787.0,139187.0,136878.0,0.5,77,73.4,4.7
2016-09,2016,9,2016-09-01,Wales,W92000004,137271,68.0,4054.0,219326.0,134200.0,106452.0,95742.0,138897.0,136437.0,0.25,76.7,72.9,5
2016-10,2016,10,2016-10-01,Wales,W92000004,138864,68.8,3957.0,222468.0,135472.0,107382.0,97838.0,140686.0,137919.0,0.25,76.4,72.7,4.8
2016-11,2016,11,2016-11-01,Wales,W92000004,138504,68.6,4084.0,223260.0,135031.0,106454.0,98119.0,140452.0,137486.0,0.25,75.9,72.4,4.6
2016-12,2016,12,2016-12-01,Wales,W92000004,138659,68.7,4581.0,222815.0,135287.0,107066.0,97122.0,140279.0,137829.0,0.25,76,72.5,4.6
2017-01,2017,1,2017-01-01,Wales,W92000004,138614,68.7,3056.0,222557.0,135221.0,107050.0,97404.0,139976.0,137933.0,0.25,76.7,73.3,4.4
2017-02,2017,2,2017-02-01,Wales,W92000004,138086,68.4,3225.0,221847.0,134280.0,106214.0,99567.0,139897.0,137156.0,0.25,76.8,73,5
2017-03,2017,3,2017-03-01,Wales,W92000004,139940,69.3,3909.0,225399.0,136188.0,107857.0,98835.0,141945.0,138904.0,0.25,77.4,73.7,4.8
2017-04,2017,4,2017-04-01,Wales,W92000004,141933,70.3,3490.0,227582.0,138147.0,109732.0,100602.0,143542.0,141116.0,0.25,76.7,73,4.8
2017-05,2017,5,2017-05-01,Wales,W92000004,139592,69.2,3933.0,222408.0,136642.0,107533.0,100765.0,141154.0,138800.0,0.25,76.3,72.9,4.4
2017-06,2017,6,2017-06-01,Wales,W92000004,142401,70.5,4691.0,226458.0,138535.0,110666.0,102069.0,144046.0,141564.0,0.25,76.1,72.9,4.3
2017-07,2017,7,2017-07-01,Wales,W92000004,143002,70.8,4143.0,228009.0,139773.0,110598.0,101803.0,144736.0,142116.0,0.25,75.9,72.5,4.4
2017-08,2017,8,2017-08-01,Wales,W92000004,144735,71.7,4572.0,231009.0,141290.0,111977.0,102969.0,146513.0,143827.0,0.25,75.7,72.4,4.4
2017-09,2017,9,2017-09-01,Wales,W92000004,145083,71.9,4424.0,232601.0,141511.0,112120.0,102282.0,146710.0,144258.0,0.25,75.9,72.4,4.7
2017-10,2017,10,2017-10-01,Wales,W92000004,146794,72.7,4471.0,235534.0,143626.0,113135.0,103166.0,148495.0,145929.0,0.25,76.5,72.6,5
2017-11,2017,11,2017-11-01,Wales,W92000004,144972,71.8,4474.0,231902.0,141842.0,111787.0,102849.0,146860.0,144002.0,0.25,76.4,72.6,5
2017-12,2017,12,2017-12-01,Wales,W92000004,145617,72.1,4659.0,232753.0,142502.0,112641.0,102185.0,147288.0,144768.0,0.5,76.5,72.6,5.1
2018-01,2018,1,2018-01-01,Wales,W92000004,144990,71.8,3170.0,232791.0,142477.0,111041.0,102718.0,146165.0,144415.0,0.5,76.4,72.7,4.9
2018-02,2018,2,2018-02-01,Wales,W92000004,145068,71.9,3276.0,233341.0,141763.0,111447.0,102859.0,146523.0,144334.0,0.5,76.7,73.1,4.8
2018-03,2018,3,2018-03-01,Wales,W92000004,145837,72.2,3800.0,234297.0,142784.0,112163.0,102706.0,147132.0,145193.0,0.5,77.1,73.6,4.5
2018-04,2018,4,2018-04-01,Wales,W92000004,145412,72.0,3367.0,232215.0,142294.0,113005.0,100726.0,146754.0,144742.0,0.5,77,73.7,4.3
2018-05,2018,5,2018-05-01,Wales,W92000004,146531,72.6,3799.0,234033.0,143401.0,113646.0,102237.0,147693.0,145964.0,0.5,77.7,74.3,4.3
2018-06,2018,6,2018-06-01,Wales,W92000004,148527,73.6,4344.0,237279.0,145909.0,114676.0,103963.0,149693.0,147959.0,0.5,77.8,74.7,4.1
2018-07,2018,7,2018-07-01,Wales,W92000004,150195,74.4,4227.0,241077.0,146985.0,116142.0,104051.0,151500.0,149549.0,0.5,78,75.1,3.7
2018-08,2018,8,2018-08-01,Wales,W92000004,152466,75.5,4811.0,243219.0,149315.0,118505.0,105680.0,153579.0,151931.0,0.5,78.3,75.2,4
2018-09,2018,9,2018-09-01,Wales,W92000004,151747,75.2,3959.0,242843.0,148721.0,117794.0,104165.0,152954.0,151158.0,0.75,78.3,75,4.2
2018-10,2018,10,2018-10-01,Wales,W92000004,152401,75.5,4387.0,244680.0,149567.0,117589.0,105315.0,153484.0,151883.0,0.75,78.9,75.2,4.6
2018-11,2018,11,2018-11-01,Wales,W92000004,151646,75.1,5057.0,243047.0,148708.0,117585.0,103735.0,152813.0,151080.0,0.75,79.2,75.8,4.3
2018-12,2018,12,2018-12-01,Wales,W92000004,153612,76.1,4255.0,247058.0,150445.0,118329.0,106928.0,155502.0,152638.0,0.75,79.7,76.2,4.3
2019-01,2019,1,2019-01-01,Wales,W92000004,150122,74.4,3070.0,242007.0,147247.0,115325.0,104135.0,151511.0,149428.0,0.75,79.5,76,4.4
2019-02,2019,2,2019-02-01,Wales,W92000004,150566,74.6,3207.0,241643.0,147315.0,116423.0,104336.0,151677.0,150019.0,0.75,79.1,75.5,4.6
2019-03,2019,3,2019-03-01,Wales,W92000004,151406,75.0,3639.0,242319.0,149084.0,116761.0,104716.0,152443.0,150897.0,0.75,78.9,75.2,4.6
2019-04,2019,4,2019-04-01,Wales,W92000004,152875,75.7,3462.0,244948.0,150162.0,118405.0,104326.0,154186.0,152223.0,0.75,79,75.5,4.4
2019-05,2019,5,2019-05-01,Wales,W92000004,153038,75.8,3854.0,244508.0,150373.0,118810.0,104418.0,154107.0,152513.0,0.75,78.3,75.3,3.9
2019-06,2019,6,2019-06-01,Wales,W92000004,154250,76.4,3997.0,245369.0,151655.0,119969.0,105963.0,155011.0,153886.0,0.75,77.8,74.7,4
2019-07,2019,7,2019-07-01,Wales,W92000004,155700,77.1,4306.0,248318.0,152901.0,120997.0,106743.0,156470.0,155333.0,0.75,77.4,74.4,3.9
2019-08,2019,8,2019-08-01,Wales,W92000004,159275,78.9,4546.0,255111.0,155903.0,124017.0,107834.0,160793.0,158516.0,0.75,77.4,74.1,4.3
2019-09,2019,9,2019-09-01,Wales,W92000004,155676,77.1,3923.0,249762.0,152473.0,120827.0,105913.0,157206.0,154911.0,0.75,77.1,74.1,4
2019-10,2019,10,2019-10-01,Wales,W92000004,157444,78.0,4294.0,251341.0,155063.0,122117.0,107250.0,159041.0,156643.0,0.75,77.1,74.2,3.7
2019-11,2019,11,2019-11-01,Wales,W92000004,159560,79.0,4494.0,255270.0,157424.0,123689.0,107348.0,160692.0,159004.0,0.75,77.3,74.8,3.2
2019-12,2019,12,2019-12-01,Wales,W92000004,157588,78.1,4089.0,251852.0,154970.0,122475.0,106588.0,159418.0,156666.0,0.75,76.8,74.5,3.1
2020-01,2020,1,2020-01-01,Wales,W92000004,154532,76.6,3171.0,247660.0,152759.0,118997.0,105430.0,154874.0,154389.0,0.75,77.1,74.4,3.4
2020-02,2020,2,2020-02-01,Wales,W92000004,157134,77.8,3168.0,251546.0,154599.0,122408.0,104319.0,158210.0,156642.0,0.75,76.6,73.8,3.7
2020-03,2020,3,2020-03-01,Wales,W92000004,158163,78.4,3340.0,253049.0,155635.0,122657.0,107225.0,159455.0,157569.0,0.75,76.1,73.5,3.5
2020-04,2020,4,2020-04-01,Wales,W92000004,151534,75.1,1381.0,242485.0,149243.0,117649.0,101820.0,152141.0,151264.0,0.1,75.9,73.5,3.1
2020-05,2020,5,2020-05-01,Wales,W92000004,154054,76.3,1576.0,244921.0,152173.0,119792.0,104235.0,154086.0,154061.0,0.1,75.9,73.7,3
2020-06,2020,6,2020-06-01,Wales,W92000004,158488,78.5,2013.0,251463.0,156443.0,123925.0,105797.0,159008.0,158261.0,0.1,76,73.8,2.9
2020-07,2020,7,2020-07-01,Wales,W92000004,159465,79.0,2391.0,255075.0,157162.0,123705.0,107411.0,160241.0,159116.0,0.1,75.8,73.1,3.6
2020-08,2020,8,2020-08-01,Wales,W92000004,163805,81.2,2525.0,262633.0,161446.0,127506.0,107734.0,165075.0,163222.0,0.1,74.9,72,3.8
2020-09,2020,9,2020-09-01,Wales,W92000004,160994,79.8,2859.0,258680.0,158525.0,125074.0,106285.0,162116.0,160480.0,0.1,75.1,71.7,4.5
2020-10,2020,10,2020-10-01,Wales,W92000004,166597,82.5,4200.0,268306.0,163947.0,129502.0,108983.0,168034.0,165935.0,0.1,75.4,71.9,4.6
2020-11,2020,11,2020-11-01,Wales,W92000004,168781,83.6,4236.0,271566.0,165675.0,131653.0,110255.0,170478.0,167997.0,0.1,75.6,71.9,4.9
2020-12,2020,12,2020-12-01,Wales,W92000004,171640,85.0,4929.0,276199.0,168234.0,134333.0,111084.0,173274.0,170885.0,0.1,75.6,72,4.7
2021-01,2021,1,2021-01-01,Wales,W92000004,169842,84.1,3404.0,269577.0,167248.0,132702.0,114644.0,171553.0,169052.0,0.1,75.3,71.7,4.8
2021-02,2021,2,2021-02-01,Wales,W92000004,168438,83.4,4113.0,265132.0,165358.0,133000.0,113430.0,169366.0,167981.0,0.1,76.6,72.9,4.8
2021-03,2021,3,2021-03-01,Wales,W92000004,173661,86.0,5504.0,272672.0,169971.0,137721.0,117243.0,175113.0,172979.0,0.1,76.8,73.3,4.6
2021-04,2021,4,2021-04-01,Wales,W92000004,171658,85.0,4323.0,270589.0,168355.0,135546.0,115370.0,172803.0,171107.0,0.1,76.5,73.2,4.2
2021-05,2021,5,2021-05-01,Wales,W92000004,174016,86.2,4027.0,274076.0,170875.0,137290.0,117236.0,175116.0,173483.0,0.1,76.1,72.9,4.2
2021-06,2021,6,2021-06-01,Wales,W92000004,184345,91.3,7096.0,286936.0,180025.0,147812.0,123666.0,186126.0,183519.0,0.1,76.6,73.2,4.4
2021-07,2021,7,2021-07-01,Wales,W92000004,176129,87.3,3890.0,277636.0,173266.0,138884.0,117655.0,177531.0,175468.0,0.1,77.1,73.4,4.8
2021-08,2021,8,2021-08-01,Wales,W92000004,180281,89.3,4304.0,286443.0,177627.0,141458.0,118491.0,181865.0,179540.0,0.1,76.5,73.2,4.2
2021-09,2021,9,2021-09-01,Wales,W92000004,185561,91.9,4773.0,292785.0,181869.0,147010.0,122641.0,187817.0,184534.0,0.1,76.1,73.1,3.9
2021-10,2021,10,2021-10-01,Wales,W92000004,186951,92.6,4556.0,300757.0,183426.0,145919.0,121754.0,188723.0,186128.0,0.1,76.1,73.3,3.7
2021-11,2021,11,2021-11-01,Wales,W92000004,186520,92.4,4672.0,299781.0,183838.0,145124.0,121453.0,188781.0,185490.0,0.1,76.2,73.6,3.5
2021-12,2021,12,2021-12-01,Wales,W92000004,189741,94.0,4545.0,302076.0,185869.0,149639.0,123710.0,191921.0,188744.0,0.1,76.5,74,3.2
2022-01,2022,1,2022-01-01,Wales,W92000004,191552,94.9,3261.0,305823.0,188617.0,150298.0,123744.0,193809.0,190522.0,0.25,76.4,74,3.1
2022-02,2022,2,2022-02-01,Wales,W92000004,189656,94.0,3746.0,301891.0,186373.0,149022.0,124675.0,191761.0,188694.0,0.25,76.3,74.1,2.9
2022-03,2022,3,2022-03-01,Wales,W92000004,191471,94.9,4154.0,305684.0,188319.0,150285.0,124178.0,193339.0,190616.0,0.5,76.2,73.9,3.1
2022-04,2022,4,2022-04-01,Wales,W92000004,195875,97.0,3792.0,312253.0,192065.0,154345.0,127174.0,198380.0,194733.0,0.75,76.3,73.7,3.5
2022-05,2022,5,2022-05-01,Wales,W92000004,196682,97.4,3813.0,311067.0,194013.0,155360.0,127582.0,197877.0,196133.0,0.75,76.2,73.1,4.1
2022-06,2022,6,2022-06-01,Wales,W92000004,200277,99.2,3618.0,315780.0,197009.0,159191.0,129342.0,201815.0,199571.0,1.0,75.1,72.2,4
2022-07,2022,7,2022-07-01,Wales,W92000004,203313,100.7,4207.0,321842.0,200250.0,161174.0,129703.0,205192.0,202453.0,1.25,73.7,71.1,3.6
2022-08,2022,8,2022-08-01,Wales,W92000004,204218,101.2,4237.0,324258.0,200913.0,161707.0,129745.0,206352.0,203243.0,1.25,73.6,71.1,3.4
2022-09,2022,9,2022-09-01,Wales,W92000004,207696,102.9,4153.0,329471.0,204459.0,164569.0,131747.0,209372.0,206928.0,1.75,74.1,71.4,3.6
2022-10,2022,10,2022-10-01,Wales,W92000004,208209,103.1,4308.0,330558.0,205102.0,164571.0,132828.0,209794.0,207482.0,2.25,74.1,71.4,3.6
2022-11,2022,11,2022-11-01,Wales,W92000004,205941,102.0,4216.0,326572.0,202622.0,163385.0,130314.0,207093.0,205410.0,2.25,74.3,71.7,3.5
2022-12,2022,12,2022-12-01,Wales,W92000004,206563,102.3,4008.0,327073.0,202893.0,164070.0,131953.0,208328.0,205754.0,3.0,74.2,71.5,3.7
2023-01,2023,1,2023-01-01,Wales,W92000004,201853,100.0,2644.0,319858.0,200046.0,159053.0,128455.0,202341.0,201625.0,3.5,74.9,72.2,3.6
2023-02,2023,2,2023-02-01,Wales,W92000004,200870,99.5,2679.0,319940.0,198282.0,158218.0,127690.0,201269.0,200683.0,3.5,74.9,72.3,3.6
2023-03,2023,3,2023-03-01,Wales,W92000004,199167,98.7,3228.0,319088.0,197164.0,155494.0,127862.0,200472.0,198559.0,4.0,74.9,71.4,4.7
2023-04,2023,4,2023-04-01,Wales,W92000004,195717,97.0,2298.0,313451.0,194256.0,152827.0,124487.0,196658.0,195279.0,4.25,75.3,71.6,4.9
2023-05,2023,5,2023-05-01,Wales,W92000004,199616,98.9,2515.0,314891.0,196994.0,157946.0,128583.0,200082.0,199399.0,4.25,75.3,71.3,5.3
2023-06,2023,6,2023-06-01,Wales,W92000004,200183,99.2,3210.0,317134.0,197166.0,158743.0,126726.0,200586.0,199994.0,4.5,75.6,71.7,5.1
2023-07,2023,7,2023-07-01,Wales,W92000004,202620,100.4,2872.0,321381.0,200153.0,159988.0,128861.0,203744.0,202096.0,5.0,75.7,72.5,4.2
2023-08,2023,8,2023-08-01,Wales,W92000004,203852,101.0,3135.0,324428.0,200542.0,161272.0,128987.0,205454.0,203107.0,5.0,76.1,73.1,4
2023-09,2023,9,2023-09-01,Wales,W92000004,204460,101.3,3201.0,326118.0,200985.0,161718.0,128887.0,206628.0,203453.0,5.25,75.3,72.8,3.3
2023-10,2023,10,2023-10-01,Wales,W92000004,202477,100.3,3093.0,321378.0,200697.0,159345.0,128784.0,203771.0,201874.0,5.25,74.4,72.2,3
2023-11,2023,11,2023-11-01,Wales,W92000004,201778,100.0,2945.0,322393.0,199245.0,158772.0,127334.0,203625.0,200920.0,5.25,73.5,71.1,3.3
2023-12,2023,12,2023-12-01,Wales,W92000004,202077,100.1,3015.0,318954.0,199402.0,160148.0,129018.0,202617.0,201825.0,5.25,73.6,71.1,3.4
2024-01,2024,1,2024-01-01,Wales,W92000004,197808,98.0,2082.0,314333.0,195335.0,156304.0,124731.0,199195.0,197162.0,5.25,73.3,70.2,4.2
2024-02,2024,2,2024-02-01,Wales,W92000004,199272,98.7,2541.0,314716.0,197384.0,157247.0,127389.0,200502.0,198708.0,5.25,72.4,69.6,4
2024-03,2024,3,2024-03-01,Wales,W92000004,200795,99.5,2867.0,318257.0,197992.0,158486.0,128861.0,202420.0,200029.0,5.25,72.2,69.6,3.5
2024-04,2024,4,2024-04-01,Wales,W92000004,199545,98.9,2617.0,312614.0,197060.0,158684.0,127989.0,200107.0,199322.0,5.25,71.5,68.8,3.7
2024-05,2024,5,2024-05-01,Wales,W92000004,199330,98.7,3145.0,312223.0,197540.0,158166.0,127502.0,199635.0,199239.0,5.25,71.3,68.4,4
2024-06,2024,6,2024-06-01,Wales,W92000004,204368,101.2,3174.0,319943.0,201629.0,163129.0,129794.0,205153.0,204032.0,5.25,71.6,68.7,4.1
2024-07,2024,7,2024-07-01,Wales,W92000004,204982,101.6,3528.0,320819.0,202733.0,163633.0,129137.0,205489.0,204789.0,5.25,72.9,69.6,4.5
2024-08,2024,8,2024-08-01,Wales,W92000004,207156,102.6,3790.0,324985.0,204074.0,165714.0,130252.0,207836.0,206874.0,5.0,74,70.3,5.1
2024-09,2024,9,2024-09-01,Wales,W92000004,203822,101.0,3270.0,322723.0,201210.0,161880.0,127399.0,204830.0,203372.0,5.0,74.2,70.3,5.3
2024-10,2024,10,2024-10-01,Wales,W92000004,207454,102.8,3874.0,326439.0,204606.0,165269.0,130914.0,208184.0,207147.0,5.0,74.7,70.7,5.4
2024-11,2024,11,2024-11-01,Wales,W92000004,207435,102.8,3931.0,326263.0,205967.0,165199.0,128236.0,207771.0,207331.0,5.0,74.4,70.1,5.7
2024-12,2024,12,2024-12-01,Wales,W92000004,204641,101.4,3547.0,324664.0,202008.0,162765.0,126413.0,205006.0,204520.0,4.75,74.3,70.1,5.7
2025-01,2025,1,2025-01-01,Wales,W92000004,206010,102.1,2777.0,324632.0,204505.0,163500.0,128527.0,206103.0,206030.0,4.75,74.3,70.1,5.6
2025-02,2025,2,2025-02-01,Wales,W92000004,205266,101.7,3179.0,323055.0,203443.0,162995.0,129151.0,205830.0,205077.0,4.75,74.4,70.7,5
2025-03,2025,3,2025-03-01,Wales,W92000004,207151,102.6,3777.0,321336.0,204482.0,166289.0,133129.0,208171.0,206760.0,4.5,75.6,71.5,5.4
2025-04,2025,4,2025-04-01,Wales,W92000004,205275,101.7,3073.0,326528.0,204395.0,161844.0,125874.0,205021.0,205449.0,4.5,75.9,72.1,5
2025-05,2025,5,2025-05-01,Wales,W92000004,206296,102.2,3269.0,325631.0,204757.0,164125.0,126683.0,206209.0,206397.0,4.5,75.9,72.2,4.9
2025-06,2025,6,2025-06-01,Wales,W92000004,208972,103.5,3556.0,328554.0,207400.0,166557.0,129178.0,209073.0,208989.0,4.25,74.9,71.4,4.6
2025-07,2025,7,2025-07-01,Wales,W92000004,208958,103.5,3659.0,326791.0,207869.0,167286.0,128017.0,208382.0,209277.0,4.25,74.3,70.5,5.1
2025-08,2025,8,2025-08-01,Wales,W92000004,209643,103.9,3579.0,328075.0,208823.0,167749.0,127774.0,209156.0,209924.0,4.25,75.1,71.3,5
2025-09,2025,9,2025-09-01,Wales,W92000004,211365,104.7,3093.0,333484.0,210129.0,168420.0,128323.0,211568.0,211338.0,4.0,75.3,71.2,5.5
2025-10,2025,10,2025-10-01,Wales,W92000004,212665,105.4,3677.0,334833.0,212223.0,169281.0,128758.0,212512.0,212797.0,4.0,75.6,71.2,5.8
2025-11,2025,11,2025-11-01,Wales,W92000004,211062,104.6,3043.0,331229.0,209987.0,169139.0,127101.0,210464.0,211392.0,4.0,75.5,71.5,5.3
2025-12,2025,12,2025-12-01,Wales,W92000004,213977,106.0,2783.0,335883.0,212791.0,171096.0,130199.0,213993.0,214034.0,4.0,75.1,71.7,4.5
2026-01,2026,1,2026-01-01,Wales,W92000004,209593,103.8,1939.0,326298.0,209429.0,168367.0,126427.0,208829.0,209996.0,3.75,74.7,72,3.6
2026-02,2026,2,2026-02-01,Wales,W92000004,211194,104.6,2160.0,330750.0,210663.0,169272.0,126600.0,210573.0,211537.0,3.75,74.8,71.8,4.1
2026-03,2026,3,2026-03-01,Wales,W92000004,213035,105.5,,333983.0,212736.0,170759.0,126544.0,212138.0,213497.0,3.75,75,72.1,3.9
2026-04,2026,4,2026-04-01,Wales,W92000004,212489,105.3,,331833.0,211662.0,170851.0,127703.0,211573.0,212959.0,3.75,75.2,72.3,3.9
2015-01,2015,1,2015-01-01,West Midlands,E12000005,151953,63.9,4976.0,262113.0,148869.0,120482.0,96424.0,154087.0,151047.0,0.5,76.5,71.2,6.8
2015-02,2015,2,2015-02-01,West Midlands,E12000005,153587,64.6,5487.0,264308.0,150061.0,122060.0,98183.0,155900.0,152601.0,0.5,76,71,6.6
2015-03,2015,3,2015-03-01,West Midlands,E12000005,152538,64.1,6160.0,263071.0,149366.0,120891.0,97111.0,154395.0,151754.0,0.5,76.3,71.2,6.7
2015-04,2015,4,2015-04-01,West Midlands,E12000005,154951,65.1,5602.0,267482.0,151541.0,123349.0,97566.0,157015.0,154076.0,0.5,76,71,6.6
2015-05,2015,5,2015-05-01,West Midlands,E12000005,155734,65.5,7026.0,267280.0,152842.0,123822.0,98735.0,157636.0,154931.0,0.5,75.6,70.9,6.2
2015-06,2015,6,2015-06-01,West Midlands,E12000005,157432,66.2,7460.0,269807.0,154676.0,125734.0,98573.0,159075.0,156744.0,0.5,75.1,70.6,6.1
2015-07,2015,7,2015-07-01,West Midlands,E12000005,158976,66.8,8374.0,273056.0,155868.0,126654.0,100333.0,160877.0,158174.0,0.5,74.9,70.6,5.7
2015-08,2015,8,2015-08-01,West Midlands,E12000005,160744,67.6,7532.0,276083.0,157309.0,128268.0,101571.0,162724.0,159908.0,0.5,75.3,70.8,6
2015-09,2015,9,2015-09-01,West Midlands,E12000005,160483,67.4,7428.0,277627.0,156719.0,127527.0,101478.0,162600.0,159586.0,0.5,75.5,71.1,5.8
2015-10,2015,10,2015-10-01,West Midlands,E12000005,160445,67.4,8479.0,276470.0,157275.0,127913.0,100336.0,162303.0,159663.0,0.5,75.5,71.2,5.7
2015-11,2015,11,2015-11-01,West Midlands,E12000005,161709,68.0,7658.0,277837.0,158602.0,128696.0,102180.0,163504.0,160956.0,0.5,75.8,71.3,5.9
2015-12,2015,12,2015-12-01,West Midlands,E12000005,162107,68.1,7671.0,279928.0,159008.0,128830.0,101555.0,163766.0,161414.0,0.5,75.5,71.4,5.5
2016-01,2016,1,2016-01-01,West Midlands,E12000005,162549,68.3,5565.0,280115.0,159881.0,128815.0,102309.0,164625.0,161670.0,0.5,75.5,71.1,5.8
2016-02,2016,2,2016-02-01,West Midlands,E12000005,161537,67.9,6160.0,277811.0,158659.0,128428.0,101684.0,163339.0,160780.0,0.5,76,71.7,5.7
2016-03,2016,3,2016-03-01,West Midlands,E12000005,162120,68.1,11240.0,280156.0,158314.0,128624.0,103255.0,164151.0,161261.0,0.5,76,71.6,5.8
2016-04,2016,4,2016-04-01,West Midlands,E12000005,165621,69.6,5303.0,282930.0,163009.0,132312.0,103872.0,166979.0,165063.0,0.5,76.1,71.6,5.9
2016-05,2016,5,2016-05-01,West Midlands,E12000005,167331,70.3,6027.0,283962.0,164197.0,134075.0,106737.0,168919.0,166671.0,0.5,76.4,71.7,6.1
2016-06,2016,6,2016-06-01,West Midlands,E12000005,169235,71.1,7231.0,289130.0,165840.0,135358.0,107178.0,170759.0,168604.0,0.5,76.6,71.8,6.2
2016-07,2016,7,2016-07-01,West Midlands,E12000005,169439,71.2,7505.0,289353.0,166274.0,135528.0,106950.0,170941.0,168818.0,0.5,76.5,71.7,6.3
2016-08,2016,8,2016-08-01,West Midlands,E12000005,171371,72.0,8011.0,292677.0,167993.0,136785.0,109138.0,173040.0,170676.0,0.5,77.1,72.4,6
2016-09,2016,9,2016-09-01,West Midlands,E12000005,171253,72.0,7692.0,294078.0,168172.0,136109.0,108351.0,172842.0,170594.0,0.25,77.4,73.2,5.5
2016-10,2016,10,2016-10-01,West Midlands,E12000005,169557,71.3,6992.0,292145.0,166274.0,134193.0,108140.0,171176.0,168884.0,0.25,76.8,72.6,5.5
2016-11,2016,11,2016-11-01,West Midlands,E12000005,171646,72.1,7393.0,296592.0,168267.0,135552.0,109492.0,173357.0,170933.0,0.25,76.9,72.4,5.8
2016-12,2016,12,2016-12-01,West Midlands,E12000005,172049,72.3,7930.0,295556.0,168552.0,136490.0,110117.0,173654.0,171383.0,0.25,77,72.4,6
2017-01,2017,1,2017-01-01,West Midlands,E12000005,170924,71.8,5663.0,295091.0,167514.0,135218.0,108811.0,172152.0,170426.0,0.25,77,72.5,5.8
2017-02,2017,2,2017-02-01,West Midlands,E12000005,171917,72.3,6037.0,295066.0,168132.0,136102.0,111330.0,173775.0,171149.0,0.25,76.4,71.9,5.9
2017-03,2017,3,2017-03-01,West Midlands,E12000005,171928,72.3,7552.0,296518.0,168594.0,135779.0,110001.0,173555.0,171259.0,0.25,76,71.5,5.9
2017-04,2017,4,2017-04-01,West Midlands,E12000005,173718,73.0,6032.0,298451.0,170153.0,137740.0,111334.0,175302.0,173068.0,0.25,76.4,71.8,6.1
2017-05,2017,5,2017-05-01,West Midlands,E12000005,175430,73.7,6822.0,298389.0,172449.0,138973.0,114050.0,177022.0,174776.0,0.25,76.3,71.7,6.1
2017-06,2017,6,2017-06-01,West Midlands,E12000005,177360,74.5,8395.0,301463.0,173776.0,141281.0,114929.0,178814.0,176766.0,0.25,76.7,72.1,5.9
2017-07,2017,7,2017-07-01,West Midlands,E12000005,179279,75.3,7782.0,305358.0,175878.0,142289.0,116303.0,180827.0,178646.0,0.25,76.9,72.5,5.8
2017-08,2017,8,2017-08-01,West Midlands,E12000005,181244,76.2,8216.0,308293.0,177416.0,144524.0,117257.0,182722.0,180641.0,0.25,77.2,73,5.3
2017-09,2017,9,2017-09-01,West Midlands,E12000005,180249,75.8,7957.0,308274.0,176648.0,143326.0,115663.0,181364.0,179802.0,0.25,76.6,72.3,5.6
2017-10,2017,10,2017-10-01,West Midlands,E12000005,180841,76.0,7788.0,309743.0,177940.0,143248.0,115474.0,182150.0,180310.0,0.25,76.7,72.6,5.3
2017-11,2017,11,2017-11-01,West Midlands,E12000005,180640,75.9,7945.0,308567.0,177543.0,143326.0,115921.0,182140.0,180028.0,0.25,77,72.7,5.5
2017-12,2017,12,2017-12-01,West Midlands,E12000005,182389,76.7,7730.0,310019.0,179583.0,145269.0,116595.0,183605.0,181898.0,0.5,76.8,72.6,5.4
2018-01,2018,1,2018-01-01,West Midlands,E12000005,179879,75.6,5852.0,307155.0,177010.0,142849.0,114871.0,180839.0,179499.0,0.5,76.7,72.8,5.1
2018-02,2018,2,2018-02-01,West Midlands,E12000005,182596,76.7,6132.0,313443.0,179409.0,144686.0,116314.0,183474.0,182251.0,0.5,77.2,73.3,5.1
2018-03,2018,3,2018-03-01,West Midlands,E12000005,182017,76.5,7003.0,311710.0,179049.0,144952.0,114759.0,183054.0,181603.0,0.5,77.6,73.8,4.9
2018-04,2018,4,2018-04-01,West Midlands,E12000005,183260,77.0,5844.0,312585.0,180677.0,146159.0,115444.0,184076.0,182942.0,0.5,78.2,74,5.3
2018-05,2018,5,2018-05-01,West Midlands,E12000005,183187,77.0,6757.0,312248.0,180563.0,145979.0,115903.0,184216.0,182777.0,0.5,78.5,74.5,5.1
2018-06,2018,6,2018-06-01,West Midlands,E12000005,185664,78.0,8141.0,316770.0,183429.0,147530.0,117237.0,186725.0,185241.0,0.5,78.5,74.8,4.8
2018-07,2018,7,2018-07-01,West Midlands,E12000005,187973,79.0,7454.0,321327.0,185205.0,149803.0,118248.0,188757.0,187670.0,0.5,78.4,74.7,4.8
2018-08,2018,8,2018-08-01,West Midlands,E12000005,188413,79.2,8295.0,322051.0,185714.0,150379.0,117969.0,189366.0,188037.0,0.5,78.3,74.4,4.9
2018-09,2018,9,2018-09-01,West Midlands,E12000005,189719,79.7,7180.0,324308.0,187082.0,151162.0,119114.0,190679.0,189339.0,0.75,78.2,74.3,5
2018-10,2018,10,2018-10-01,West Midlands,E12000005,189577,79.7,7895.0,324864.0,187029.0,150430.0,119383.0,190563.0,189187.0,0.75,77.8,73.7,5.3
2018-11,2018,11,2018-11-01,West Midlands,E12000005,188115,79.1,8943.0,322049.0,185647.0,149906.0,117375.0,188976.0,187779.0,0.75,77.4,73.2,5.4
2018-12,2018,12,2018-12-01,West Midlands,E12000005,190053,79.9,7365.0,323364.0,187960.0,151121.0,120219.0,190867.0,189737.0,0.75,77.4,73.1,5.6
2019-01,2019,1,2019-01-01,West Midlands,E12000005,187207,78.7,5458.0,322386.0,184929.0,148009.0,117139.0,187793.0,186989.0,0.75,78.3,74,5.5
2019-02,2019,2,2019-02-01,West Midlands,E12000005,188998,79.4,6023.0,323414.0,186628.0,150098.0,118837.0,189606.0,188771.0,0.75,78.6,74.3,5.5
2019-03,2019,3,2019-03-01,West Midlands,E12000005,186786,78.5,6870.0,319309.0,185390.0,148364.0,115959.0,187112.0,186670.0,0.75,77.8,73.9,5.1
2019-04,2019,4,2019-04-01,West Midlands,E12000005,187187,78.7,6227.0,318954.0,185066.0,149465.0,116935.0,187534.0,187062.0,0.75,77.9,74.1,4.9
2019-05,2019,5,2019-05-01,West Midlands,E12000005,188648,79.3,6883.0,320355.0,186875.0,151124.0,117194.0,189061.0,188498.0,0.75,77.7,74,4.8
2019-06,2019,6,2019-06-01,West Midlands,E12000005,188338,79.2,7130.0,319916.0,186845.0,150140.0,117769.0,188962.0,188105.0,0.75,78.1,74.4,4.7
2019-07,2019,7,2019-07-01,West Midlands,E12000005,189292,79.6,7185.0,322418.0,187282.0,151181.0,118043.0,189469.0,189234.0,0.75,78.1,74.6,4.4
2019-08,2019,8,2019-08-01,West Midlands,E12000005,191810,80.6,7863.0,327194.0,189522.0,153786.0,118587.0,192206.0,191666.0,0.75,78.2,74.8,4.3
2019-09,2019,9,2019-09-01,West Midlands,E12000005,191964,80.7,6913.0,326660.0,189503.0,153859.0,119739.0,192514.0,191761.0,0.75,78.5,75.1,4.3
2019-10,2019,10,2019-10-01,West Midlands,E12000005,191493,80.5,7749.0,326814.0,190754.0,152180.0,117951.0,191843.0,191367.0,0.75,78.6,75.1,4.5
2019-11,2019,11,2019-11-01,West Midlands,E12000005,191610,80.5,7878.0,327102.0,190864.0,152747.0,117111.0,191890.0,191511.0,0.75,79,75.4,4.5
2019-12,2019,12,2019-12-01,West Midlands,E12000005,189892,79.8,7270.0,321983.0,188719.0,152322.0,116909.0,190241.0,189766.0,0.75,78.9,75.3,4.5
2020-01,2020,1,2020-01-01,West Midlands,E12000005,192534,80.9,5692.0,329224.0,191556.0,153336.0,117900.0,192439.0,192582.0,0.75,78.8,75.2,4.6
2020-02,2020,2,2020-02-01,West Midlands,E12000005,190536,80.1,5674.0,326466.0,189269.0,152150.0,115947.0,190729.0,190483.0,0.75,79,75.2,4.8
2020-03,2020,3,2020-03-01,West Midlands,E12000005,191171,80.3,5554.0,328079.0,189741.0,152322.0,116804.0,191305.0,191139.0,0.75,78.5,74.5,5.1
2020-04,2020,4,2020-04-01,West Midlands,E12000005,186802,78.5,2290.0,322221.0,185315.0,148956.0,112747.0,186236.0,187016.0,0.1,77.8,73.9,5
2020-05,2020,5,2020-05-01,West Midlands,E12000005,191668,80.6,3216.0,325493.0,191042.0,152992.0,117973.0,190806.0,191986.0,0.1,78,74,5.1
2020-06,2020,6,2020-06-01,West Midlands,E12000005,192792,81.0,4649.0,327250.0,192503.0,154746.0,116605.0,192360.0,192959.0,0.1,77.7,74,4.8
2020-07,2020,7,2020-07-01,West Midlands,E12000005,194896,81.9,5449.0,331563.0,193958.0,156083.0,119087.0,194349.0,195104.0,0.1,77.6,73.8,4.9
2020-08,2020,8,2020-08-01,West Midlands,E12000005,197176,82.9,5471.0,338309.0,196646.0,157612.0,117892.0,196708.0,197356.0,0.1,77.7,73.7,5.1
2020-09,2020,9,2020-09-01,West Midlands,E12000005,198500,83.4,5769.0,342305.0,197232.0,158803.0,118385.0,198138.0,198643.0,0.1,78,73.9,5.3
2020-10,2020,10,2020-10-01,West Midlands,E12000005,199951,84.0,7473.0,345108.0,198645.0,159962.0,119061.0,200002.0,199948.0,0.1,78.6,73.9,5.9
2020-11,2020,11,2020-11-01,West Midlands,E12000005,201428,84.7,7174.0,346194.0,199977.0,161702.0,120372.0,201338.0,201475.0,0.1,78.2,73.1,6.6
2020-12,2020,12,2020-12-01,West Midlands,E12000005,204521,86.0,8128.0,351128.0,202905.0,164579.0,122089.0,204523.0,204536.0,0.1,78.4,73.3,6.5
2021-01,2021,1,2021-01-01,West Midlands,E12000005,204427,85.9,6581.0,344545.0,203554.0,164757.0,125525.0,204508.0,204415.0,0.1,78.2,73.3,6.3
2021-02,2021,2,2021-02-01,West Midlands,E12000005,207062,87.0,8469.0,346579.0,205648.0,167966.0,128337.0,207248.0,207014.0,0.1,77.8,73.3,5.8
2021-03,2021,3,2021-03-01,West Midlands,E12000005,208998,87.8,11852.0,349433.0,206953.0,169773.0,130668.0,209194.0,208948.0,0.1,77.6,73,6
2021-04,2021,4,2021-04-01,West Midlands,E12000005,205873,86.5,7685.0,346584.0,204051.0,166568.0,127404.0,205559.0,205995.0,0.1,77.9,73.3,5.8
2021-05,2021,5,2021-05-01,West Midlands,E12000005,207432,87.2,6780.0,349036.0,205818.0,168047.0,127693.0,207118.0,207554.0,0.1,78.5,74.1,5.6
2021-06,2021,6,2021-06-01,West Midlands,E12000005,220796,92.8,13324.0,367147.0,217999.0,181513.0,137166.0,221578.0,220548.0,0.1,78.5,74.6,4.9
2021-07,2021,7,2021-07-01,West Midlands,E12000005,208050,87.4,5914.0,349519.0,207632.0,167351.0,128464.0,207818.0,208144.0,0.1,78.2,74.3,5
2021-08,2021,8,2021-08-01,West Midlands,E12000005,213267,89.6,7344.0,361883.0,212835.0,171723.0,128176.0,212968.0,213385.0,0.1,78.5,74.6,4.9
2021-09,2021,9,2021-09-01,West Midlands,E12000005,219567,92.3,12231.0,367830.0,218391.0,179024.0,133510.0,219594.0,219574.0,0.1,78.6,74.7,5
2021-10,2021,10,2021-10-01,West Midlands,E12000005,212178,89.2,5445.0,365531.0,211006.0,169372.0,126836.0,211907.0,212286.0,0.1,78.7,74.8,5
2021-11,2021,11,2021-11-01,West Midlands,E12000005,217691,91.5,6817.0,371951.0,217145.0,174660.0,129936.0,217322.0,217832.0,0.1,78.6,74.8,4.9
2021-12,2021,12,2021-12-01,West Midlands,E12000005,220926,92.9,7464.0,376504.0,219475.0,178624.0,131934.0,221100.0,220884.0,0.1,79.1,74.9,5.2
2022-01,2022,1,2022-01-01,West Midlands,E12000005,221008,92.9,5470.0,376126.0,220934.0,177975.0,131137.0,220696.0,221131.0,0.25,79.9,75.8,5.1
2022-02,2022,2,2022-02-01,West Midlands,E12000005,223616,94.0,6697.0,377565.0,223485.0,180587.0,135207.0,222523.0,224015.0,0.25,79.5,75.3,5.3
2022-03,2022,3,2022-03-01,West Midlands,E12000005,225611,94.8,7421.0,382331.0,225650.0,182031.0,134708.0,224691.0,225948.0,0.5,79.3,75.6,4.7
2022-04,2022,4,2022-04-01,West Midlands,E12000005,226561,95.2,6387.0,384146.0,225961.0,183594.0,134710.0,225871.0,226817.0,0.75,78.8,75.2,4.5
2022-05,2022,5,2022-05-01,West Midlands,E12000005,229576,96.5,6815.0,388811.0,229839.0,185528.0,136124.0,228796.0,229864.0,0.75,77.9,74.5,4.4
2022-06,2022,6,2022-06-01,West Midlands,E12000005,231031,97.1,6691.0,389827.0,230726.0,187658.0,137866.0,230219.0,231331.0,1.0,78.2,74.5,4.7
2022-07,2022,7,2022-07-01,West Midlands,E12000005,237741,99.9,7250.0,400964.0,238253.0,193338.0,139580.0,236596.0,238158.0,1.25,78.3,74.7,4.5
2022-08,2022,8,2022-08-01,West Midlands,E12000005,238546,100.3,7432.0,403452.0,238380.0,194199.0,139866.0,237721.0,238850.0,1.25,78,74.1,4.9
2022-09,2022,9,2022-09-01,West Midlands,E12000005,240079,100.9,7526.0,406248.0,239818.0,195337.0,141000.0,239401.0,240332.0,1.75,77.6,73.7,4.9
2022-10,2022,10,2022-10-01,West Midlands,E12000005,241762,101.6,7233.0,409762.0,241922.0,195945.0,141948.0,240888.0,242084.0,2.25,77.1,73.1,5.2
2022-11,2022,11,2022-11-01,West Midlands,E12000005,239630,100.7,7176.0,406259.0,239548.0,194446.0,140610.0,238674.0,239980.0,2.25,77.8,74.1,4.8
2022-12,2022,12,2022-12-01,West Midlands,E12000005,239619,100.7,7241.0,403286.0,239938.0,195013.0,141815.0,238647.0,239975.0,3.0,78,74.2,4.9
2023-01,2023,1,2023-01-01,West Midlands,E12000005,237934,100.0,4688.0,406016.0,238698.0,191338.0,138531.0,237185.0,238212.0,3.5,77.3,73.5,4.9
2023-02,2023,2,2023-02-01,West Midlands,E12000005,238586,100.3,4907.0,406299.0,238584.0,192172.0,140189.0,237103.0,239137.0,3.5,76.8,72.7,5.3
2023-03,2023,3,2023-03-01,West Midlands,E12000005,230851,97.0,5875.0,394242.0,231742.0,184684.0,135612.0,229749.0,231259.0,4.0,77.4,73.2,5.4
2023-04,2023,4,2023-04-01,West Midlands,E12000005,231640,97.4,4086.0,396000.0,232537.0,185692.0,135139.0,230727.0,231978.0,4.25,78.9,74.9,5.2
2023-05,2023,5,2023-05-01,West Midlands,E12000005,233888,98.3,4541.0,395719.0,234491.0,188642.0,137750.0,232636.0,234353.0,4.25,79.1,75.1,5
2023-06,2023,6,2023-06-01,West Midlands,E12000005,235260,98.9,5658.0,399829.0,235383.0,190073.0,137570.0,234426.0,235568.0,4.5,78.8,74.5,5.4
2023-07,2023,7,2023-07-01,West Midlands,E12000005,237687,99.9,4934.0,402587.0,238990.0,191932.0,138175.0,236094.0,238279.0,5.0,78.2,74.2,5.2
2023-08,2023,8,2023-08-01,West Midlands,E12000005,238205,100.1,5625.0,404492.0,238559.0,193079.0,138080.0,236797.0,238728.0,5.0,78.1,74.6,4.4
2023-09,2023,9,2023-09-01,West Midlands,E12000005,239026,100.5,5156.0,404084.0,239720.0,194046.0,138706.0,237660.0,239533.0,5.25,77.6,74.7,3.7
2023-10,2023,10,2023-10-01,West Midlands,E12000005,236787,99.5,5368.0,400662.0,237646.0,191201.0,138640.0,235679.0,237197.0,5.25,77.7,74.5,4.1
2023-11,2023,11,2023-11-01,West Midlands,E12000005,235472,99.0,5215.0,401087.0,236501.0,189213.0,137391.0,234650.0,235776.0,5.25,77.1,73.9,4.2
2023-12,2023,12,2023-12-01,West Midlands,E12000005,234452,98.5,5229.0,395076.0,235363.0,189605.0,137793.0,233044.0,234975.0,5.25,76.9,73.6,4.3
2024-01,2024,1,2024-01-01,West Midlands,E12000005,232200,97.6,3952.0,394365.0,232527.0,187836.0,135218.0,230905.0,232680.0,5.25,76.5,73.1,4.5
2024-02,2024,2,2024-02-01,West Midlands,E12000005,232662,97.8,4667.0,391589.0,233796.0,188832.0,135602.0,231205.0,233214.0,5.25,77.8,73.7,5.3
2024-03,2024,3,2024-03-01,West Midlands,E12000005,231972,97.5,5530.0,391522.0,232171.0,187621.0,137142.0,230876.0,232365.0,5.25,77.9,73.8,5.3
2024-04,2024,4,2024-04-01,West Midlands,E12000005,233571,98.2,4829.0,392802.0,234367.0,189272.0,137467.0,232244.0,234065.0,5.25,78,73.9,5.2
2024-05,2024,5,2024-05-01,West Midlands,E12000005,236114,99.2,5734.0,395507.0,237012.0,191850.0,139058.0,234743.0,236627.0,5.25,77.2,73.4,4.9
2024-06,2024,6,2024-06-01,West Midlands,E12000005,238654,100.3,5941.0,399189.0,238977.0,194705.0,140619.0,237241.0,239184.0,5.25,76.6,72.9,4.9
2024-07,2024,7,2024-07-01,West Midlands,E12000005,239774,100.8,5944.0,401650.0,241083.0,195919.0,138645.0,237861.0,240523.0,5.25,76.9,73.3,4.7
2024-08,2024,8,2024-08-01,West Midlands,E12000005,241068,101.3,6577.0,404123.0,241662.0,197252.0,139936.0,239121.0,241832.0,5.0,77,73.8,4.2
2024-09,2024,9,2024-09-01,West Midlands,E12000005,242607,102.0,6175.0,409288.0,243519.0,197339.0,140422.0,240989.0,243225.0,5.0,77.3,73.9,4.5
2024-10,2024,10,2024-10-01,West Midlands,E12000005,241362,101.4,6951.0,405991.0,241437.0,196739.0,141290.0,239866.0,241927.0,5.0,77.1,73.7,4.5
2024-11,2024,11,2024-11-01,West Midlands,E12000005,243459,102.3,7038.0,408421.0,245628.0,198140.0,140257.0,241598.0,244184.0,5.0,77.1,73.4,4.7
2024-12,2024,12,2024-12-01,West Midlands,E12000005,241278,101.4,6432.0,408590.0,242296.0,196032.0,138742.0,239454.0,241987.0,4.75,77.8,74.2,4.6
2025-01,2025,1,2025-01-01,West Midlands,E12000005,241526,101.5,5260.0,408121.0,243337.0,196430.0,137851.0,239470.0,242337.0,4.75,77.6,73.9,4.7
2025-02,2025,2,2025-02-01,West Midlands,E12000005,244610,102.8,6094.0,411887.0,245927.0,199559.0,140621.0,242762.0,245341.0,4.75,77.3,73.5,4.9
2025-03,2025,3,2025-03-01,West Midlands,E12000005,246603,103.6,11268.0,408022.0,247426.0,202771.0,145798.0,244913.0,247273.0,4.5,76.3,72.5,5
2025-04,2025,4,2025-04-01,West Midlands,E12000005,236991,99.6,3358.0,403319.0,239459.0,191286.0,134281.0,234139.0,238112.0,4.5,76.5,72.3,5.5
2025-05,2025,5,2025-05-01,West Midlands,E12000005,240959,101.3,5081.0,408177.0,242841.0,196079.0,136418.0,238550.0,241907.0,4.5,77.8,73.4,5.6
2025-06,2025,6,2025-06-01,West Midlands,E12000005,244232,102.6,6117.0,412969.0,246419.0,198756.0,138341.0,241999.0,245113.0,4.25,78.4,73.7,5.9
2025-07,2025,7,2025-07-01,West Midlands,E12000005,247100,103.9,6180.0,416807.0,249498.0,201438.0,139838.0,244579.0,248092.0,4.25,78.3,73.5,6.2
2025-08,2025,8,2025-08-01,West Midlands,E12000005,248669,104.5,6035.0,419548.0,251726.0,202895.0,139226.0,246177.0,249650.0,4.25,78.3,73.2,6.5
2025-09,2025,9,2025-09-01,West Midlands,E12000005,248798,104.6,5279.0,421718.0,251561.0,202791.0,138671.0,246588.0,249670.0,4.0,78.6,73.7,6.2
2025-10,2025,10,2025-10-01,West Midlands,E12000005,249192,104.7,6267.0,421632.0,252632.0,202808.0,138798.0,246567.0,250225.0,4.0,78.4,73.5,6.2
2025-11,2025,11,2025-11-01,West Midlands,E12000005,249540,104.9,5209.0,422496.0,252187.0,203602.0,139322.0,246826.0,250607.0,4.0,78.4,73.6,6
2025-12,2025,12,2025-12-01,West Midlands,E12000005,246039,103.4,4467.0,414384.0,248829.0,201211.0,137956.0,243432.0,247064.0,4.0,78,72.9,6.5
2026-01,2026,1,2026-01-01,West Midlands,E12000005,246080,103.4,3383.0,413182.0,249942.0,201686.0,136377.0,243244.0,247195.0,3.75,78.1,73.3,6.2
2026-02,2026,2,2026-02-01,West Midlands,E12000005,249462,104.8,3698.0,420952.0,253160.0,203270.0,138884.0,246718.0,250544.0,3.75,77.8,73.3,5.8
2026-03,2026,3,2026-03-01,West Midlands,E12000005,246290,103.5,,414797.0,250488.0,201699.0,135049.0,243148.0,247517.0,3.75,77.9,73.6,5.5
2026-04,2026,4,2026-04-01,West Midlands,E12000005,250625,105.3,,421933.0,254767.0,204419.0,139225.0,247946.0,251684.0,3.75,77.5,73.3,5.3
2015-01,2015,1,2015-01-01,Yorkshire and The Humber,E12000003,128167,66.9,4757.0,216908.0,128439.0,102092.0,90558.0,128896.0,127797.0,0.5,77.1,72.3,6.2
2015-02,2015,2,2015-02-01,Yorkshire and The Humber,E12000003,128943,67.3,5130.0,219324.0,129032.0,102491.0,91148.0,129806.0,128507.0,0.5,77.1,72.2,6.4
2015-03,2015,3,2015-03-01,Yorkshire and The Humber,E12000003,129645,67.7,6071.0,221480.0,130174.0,102423.0,91544.0,130333.0,129296.0,0.5,76.8,71.7,6.6
2015-04,2015,4,2015-04-01,Yorkshire and The Humber,E12000003,130300,68.0,5786.0,222125.0,130685.0,103493.0,91015.0,130897.0,129996.0,0.5,76.7,71.3,7
2015-05,2015,5,2015-05-01,Yorkshire and The Humber,E12000003,133330,69.6,6955.0,225736.0,134127.0,105988.0,93437.0,134028.0,132976.0,0.5,77,71.5,7.1
2015-06,2015,6,2015-06-01,Yorkshire and The Humber,E12000003,133535,69.7,7367.0,225558.0,134151.0,106696.0,92791.0,134333.0,133131.0,0.5,76.9,71.7,6.7
2015-07,2015,7,2015-07-01,Yorkshire and The Humber,E12000003,136228,71.1,8227.0,230208.0,136917.0,108557.0,95379.0,136835.0,135919.0,0.5,76.5,71.6,6.4
2015-08,2015,8,2015-08-01,Yorkshire and The Humber,E12000003,136774,71.4,7489.0,231887.0,137218.0,108975.0,95661.0,137583.0,136364.0,0.5,75.9,71.1,6.4
2015-09,2015,9,2015-09-01,Yorkshire and The Humber,E12000003,136136,71.0,7165.0,232955.0,136283.0,108084.0,94981.0,136983.0,135708.0,0.5,76.6,72,5.9
2015-10,2015,10,2015-10-01,Yorkshire and The Humber,E12000003,135844,70.9,8067.0,231470.0,136685.0,107819.0,94069.0,136366.0,135576.0,0.5,76.5,71.7,6.2
2015-11,2015,11,2015-11-01,Yorkshire and The Humber,E12000003,136513,71.2,7271.0,232750.0,137191.0,108294.0,95025.0,137303.0,136112.0,0.5,76.3,71.4,6.4
2015-12,2015,12,2015-12-01,Yorkshire and The Humber,E12000003,136979,71.5,7426.0,233721.0,137636.0,108664.0,95219.0,137364.0,136780.0,0.5,76.6,71.6,6.4
2016-01,2016,1,2016-01-01,Yorkshire and The Humber,E12000003,136097,71.0,5378.0,230876.0,137404.0,107904.0,94504.0,136623.0,135828.0,0.5,76.6,71.9,6.2
2016-02,2016,2,2016-02-01,Yorkshire and The Humber,E12000003,136539,71.3,5777.0,233147.0,137355.0,108204.0,94670.0,137323.0,136142.0,0.5,76.7,71.8,6.4
2016-03,2016,3,2016-03-01,Yorkshire and The Humber,E12000003,135373,70.6,10252.0,231792.0,135625.0,107199.0,94961.0,136493.0,134808.0,0.5,76.7,71.8,6.4
2016-04,2016,4,2016-04-01,Yorkshire and The Humber,E12000003,139439,72.8,5329.0,236374.0,140161.0,111163.0,96613.0,139741.0,139283.0,0.5,76.9,72.2,6.1
2016-05,2016,5,2016-05-01,Yorkshire and The Humber,E12000003,139973,73.0,5981.0,235528.0,140465.0,111835.0,98708.0,140447.0,139730.0,0.5,76.9,72.3,5.9
2016-06,2016,6,2016-06-01,Yorkshire and The Humber,E12000003,141514,73.8,7170.0,240729.0,141831.0,112644.0,98856.0,142204.0,141164.0,0.5,77,72.3,6.2
2016-07,2016,7,2016-07-01,Yorkshire and The Humber,E12000003,142441,74.3,7520.0,240642.0,143064.0,113581.0,99818.0,142834.0,142238.0,0.5,77.2,72.5,6
2016-08,2016,8,2016-08-01,Yorkshire and The Humber,E12000003,142584,74.4,7748.0,241521.0,143074.0,113573.0,99998.0,143201.0,142269.0,0.5,77.7,73,6.1
2016-09,2016,9,2016-09-01,Yorkshire and The Humber,E12000003,141674,73.9,7277.0,240893.0,142585.0,112350.0,98902.0,142040.0,141484.0,0.25,77.5,73.2,5.6
2016-10,2016,10,2016-10-01,Yorkshire and The Humber,E12000003,141522,73.9,6568.0,241609.0,142338.0,111874.0,99210.0,142139.0,141208.0,0.25,77.6,73.5,5.3
2016-11,2016,11,2016-11-01,Yorkshire and The Humber,E12000003,142333,74.3,7111.0,244628.0,143031.0,112030.0,100014.0,142938.0,142025.0,0.25,77.5,73.6,5
2016-12,2016,12,2016-12-01,Yorkshire and The Humber,E12000003,143617,74.9,7761.0,245377.0,144014.0,113683.0,101126.0,144005.0,143417.0,0.25,77.4,73.5,5.1
2017-01,2017,1,2017-01-01,Yorkshire and The Humber,E12000003,140165,73.1,5376.0,240892.0,141003.0,110194.0,98536.0,140511.0,139986.0,0.25,76.9,72.8,5.3
2017-02,2017,2,2017-02-01,Yorkshire and The Humber,E12000003,141864,74.0,5946.0,241875.0,141897.0,112271.0,101476.0,142652.0,141472.0,0.25,77.6,73.7,5.1
2017-03,2017,3,2017-03-01,Yorkshire and The Humber,E12000003,140865,73.5,7324.0,241524.0,141348.0,110943.0,99897.0,141423.0,140584.0,0.25,77.5,73.6,5
2017-04,2017,4,2017-04-01,Yorkshire and The Humber,E12000003,144242,75.3,6251.0,247016.0,144559.0,113880.0,102203.0,144943.0,143892.0,0.25,77.5,73.4,5.2
2017-05,2017,5,2017-05-01,Yorkshire and The Humber,E12000003,145465,75.9,6928.0,246543.0,146278.0,114909.0,104172.0,146224.0,145086.0,0.25,77.2,73.3,5.1
2017-06,2017,6,2017-06-01,Yorkshire and The Humber,E12000003,146646,76.5,8581.0,248667.0,147171.0,116216.0,104523.0,147211.0,146361.0,0.25,77.3,73.4,5
2017-07,2017,7,2017-07-01,Yorkshire and The Humber,E12000003,147317,76.9,7772.0,250254.0,148088.0,116489.0,104712.0,147780.0,147081.0,0.25,77.5,73.7,4.8
2017-08,2017,8,2017-08-01,Yorkshire and The Humber,E12000003,148788,77.6,8051.0,252469.0,149266.0,118050.0,105610.0,149401.0,148479.0,0.25,76.9,73.2,4.9
2017-09,2017,9,2017-09-01,Yorkshire and The Humber,E12000003,148653,77.6,7655.0,253893.0,149052.0,117449.0,105551.0,149345.0,148307.0,0.25,76.8,73.1,4.8
2017-10,2017,10,2017-10-01,Yorkshire and The Humber,E12000003,147677,77.1,7820.0,252424.0,148818.0,116249.0,104071.0,147952.0,147531.0,0.25,76.5,72.7,4.9
2017-11,2017,11,2017-11-01,Yorkshire and The Humber,E12000003,147857,77.2,7833.0,252260.0,148922.0,116595.0,104243.0,148460.0,147553.0,0.25,77,73.1,5.1
2017-12,2017,12,2017-12-01,Yorkshire and The Humber,E12000003,149125,77.8,7722.0,253659.0,150233.0,117923.0,104833.0,149503.0,148930.0,0.5,77.2,73.3,5.1
2018-01,2018,1,2018-01-01,Yorkshire and The Humber,E12000003,146727,76.6,5528.0,250790.0,148056.0,115238.0,103711.0,147085.0,146542.0,0.5,78,74,5
2018-02,2018,2,2018-02-01,Yorkshire and The Humber,E12000003,146544,76.5,5757.0,250835.0,147256.0,115452.0,103742.0,146760.0,146431.0,0.5,77.8,73.8,5.2
2018-03,2018,3,2018-03-01,Yorkshire and The Humber,E12000003,147271,76.9,6950.0,251083.0,148434.0,116384.0,103168.0,147642.0,147079.0,0.5,77.8,74,4.8
2018-04,2018,4,2018-04-01,Yorkshire and The Humber,E12000003,148179,77.3,6050.0,252444.0,149463.0,117318.0,103117.0,148233.0,148147.0,0.5,77.7,74.1,4.7
2018-05,2018,5,2018-05-01,Yorkshire and The Humber,E12000003,150166,78.4,6941.0,256153.0,151357.0,118897.0,104422.0,150489.0,149998.0,0.5,77.4,73.8,4.7
2018-06,2018,6,2018-06-01,Yorkshire and The Humber,E12000003,151054,78.8,8060.0,256904.0,152885.0,119342.0,104977.0,150918.0,151118.0,0.5,77.4,73.9,4.5
2018-07,2018,7,2018-07-01,Yorkshire and The Humber,E12000003,152499,79.6,7468.0,260254.0,153778.0,120638.0,106038.0,152567.0,152459.0,0.5,77.4,73.8,4.6
2018-08,2018,8,2018-08-01,Yorkshire and The Humber,E12000003,154445,80.6,8480.0,262890.0,155954.0,122319.0,107179.0,154570.0,154377.0,0.5,77.6,74,4.6
2018-09,2018,9,2018-09-01,Yorkshire and The Humber,E12000003,152649,79.7,6862.0,260775.0,153941.0,120821.0,105675.0,153023.0,152456.0,0.75,77.8,73.9,5.1
2018-10,2018,10,2018-10-01,Yorkshire and The Humber,E12000003,152245,79.4,7832.0,260515.0,153818.0,120120.0,105309.0,152227.0,152249.0,0.75,77.9,74.1,4.9
2018-11,2018,11,2018-11-01,Yorkshire and The Humber,E12000003,151982,79.3,8468.0,260541.0,153682.0,119959.0,104210.0,152023.0,151957.0,0.75,78.1,74,5.2
2018-12,2018,12,2018-12-01,Yorkshire and The Humber,E12000003,152603,79.6,7433.0,260038.0,154437.0,120355.0,106165.0,152875.0,152460.0,0.75,78.1,74,5.3
2019-01,2019,1,2019-01-01,Yorkshire and The Humber,E12000003,150919,78.8,5646.0,259659.0,152673.0,118402.0,104344.0,150915.0,150916.0,0.75,78.6,74.4,5.3
2019-02,2019,2,2019-02-01,Yorkshire and The Humber,E12000003,149924,78.2,6203.0,257798.0,151558.0,117548.0,104325.0,150001.0,149885.0,0.75,78.8,74.9,5
2019-03,2019,3,2019-03-01,Yorkshire and The Humber,E12000003,151324,79.0,6802.0,258808.0,153495.0,119083.0,104065.0,151158.0,151392.0,0.75,78,74.3,4.8
2019-04,2019,4,2019-04-01,Yorkshire and The Humber,E12000003,152328,79.5,6420.0,260332.0,154327.0,120192.0,104489.0,152458.0,152266.0,0.75,77.7,73.7,5.1
2019-05,2019,5,2019-05-01,Yorkshire and The Humber,E12000003,152676,79.7,7060.0,260097.0,154808.0,120689.0,104596.0,152361.0,152810.0,0.75,77.4,73.4,5.2
2019-06,2019,6,2019-06-01,Yorkshire and The Humber,E12000003,154041,80.4,7222.0,262510.0,156201.0,121652.0,105769.0,154075.0,154022.0,0.75,77.3,73.2,5.2
2019-07,2019,7,2019-07-01,Yorkshire and The Humber,E12000003,155294,81.0,7529.0,263658.0,157020.0,123170.0,107278.0,154858.0,155483.0,0.75,77.2,73.7,4.5
2019-08,2019,8,2019-08-01,Yorkshire and The Humber,E12000003,155819,81.3,7936.0,265922.0,157262.0,123750.0,106449.0,155754.0,155843.0,0.75,77.1,73.9,4.1
2019-09,2019,9,2019-09-01,Yorkshire and The Humber,E12000003,155723,81.3,6866.0,265138.0,157135.0,123490.0,107677.0,155460.0,155835.0,0.75,76.6,73.6,3.9
2019-10,2019,10,2019-10-01,Yorkshire and The Humber,E12000003,156458,81.6,7618.0,265870.0,159327.0,123366.0,107049.0,156051.0,156632.0,0.75,76.8,73.6,4.2
2019-11,2019,11,2019-11-01,Yorkshire and The Humber,E12000003,155187,81.0,7834.0,264387.0,157795.0,122597.0,105386.0,154940.0,155291.0,0.75,76.6,73.2,4.4
2019-12,2019,12,2019-12-01,Yorkshire and The Humber,E12000003,155920,81.4,7313.0,265232.0,158348.0,123295.0,106453.0,155747.0,155991.0,0.75,76.6,73.2,4.5
2020-01,2020,1,2020-01-01,Yorkshire and The Humber,E12000003,154883,80.8,5838.0,264039.0,157428.0,122166.0,105720.0,154251.0,155157.0,0.75,76.8,73.3,4.5
2020-02,2020,2,2020-02-01,Yorkshire and The Humber,E12000003,154695,80.7,5569.0,263880.0,157133.0,122436.0,104444.0,154236.0,154900.0,0.75,77.7,74.1,4.6
2020-03,2020,3,2020-03-01,Yorkshire and The Humber,E12000003,155643,81.2,5554.0,266033.0,157978.0,122806.0,105972.0,155365.0,155775.0,0.75,77,73.6,4.5
2020-04,2020,4,2020-04-01,Yorkshire and The Humber,E12000003,150730,78.7,2341.0,259427.0,153058.0,119289.0,99475.0,149705.0,151163.0,0.1,76.8,73.6,4.1
2020-05,2020,5,2020-05-01,Yorkshire and The Humber,E12000003,155276,81.0,3337.0,266933.0,158217.0,121852.0,104414.0,154638.0,155553.0,0.1,76.7,73.6,4
2020-06,2020,6,2020-06-01,Yorkshire and The Humber,E12000003,158072,82.5,5015.0,268585.0,160959.0,125256.0,106345.0,157715.0,158237.0,0.1,76.4,73.4,4
2020-07,2020,7,2020-07-01,Yorkshire and The Humber,E12000003,158824,82.9,5531.0,270159.0,161532.0,125764.0,107313.0,157976.0,159186.0,0.1,77,73.6,4.5
2020-08,2020,8,2020-08-01,Yorkshire and The Humber,E12000003,160951,84.0,5861.0,275084.0,163946.0,127293.0,107142.0,160024.0,161346.0,0.1,77.3,73.6,4.8
2020-09,2020,9,2020-09-01,Yorkshire and The Humber,E12000003,161730,84.4,6532.0,276629.0,164169.0,128143.0,108282.0,160929.0,162074.0,0.1,77.9,74.1,4.9
2020-10,2020,10,2020-10-01,Yorkshire and The Humber,E12000003,164114,85.6,8211.0,282020.0,166601.0,129999.0,108553.0,163523.0,164373.0,0.1,77.1,72.9,5.5
2020-11,2020,11,2020-11-01,Yorkshire and The Humber,E12000003,167676,87.5,7884.0,287250.0,170050.0,133011.0,111743.0,167111.0,167926.0,0.1,77.7,73.5,5.4
2020-12,2020,12,2020-12-01,Yorkshire and The Humber,E12000003,168778,88.1,8328.0,289113.0,170975.0,134253.0,111945.0,168194.0,169035.0,0.1,77.6,73.4,5.5
2021-01,2021,1,2021-01-01,Yorkshire and The Humber,E12000003,170388,88.9,6660.0,286723.0,173151.0,135686.0,116615.0,170012.0,170561.0,0.1,77.1,72.9,5.3
2021-02,2021,2,2021-02-01,Yorkshire and The Humber,E12000003,171334,89.4,8404.0,287934.0,173680.0,137027.0,117084.0,171018.0,171485.0,0.1,76.7,72.9,5
2021-03,2021,3,2021-03-01,Yorkshire and The Humber,E12000003,172745,90.1,11158.0,289738.0,174665.0,138492.0,118959.0,172475.0,172879.0,0.1,76.3,72.5,5
2021-04,2021,4,2021-04-01,Yorkshire and The Humber,E12000003,169361,88.4,8005.0,284729.0,171606.0,135516.0,115602.0,168657.0,169659.0,0.1,76.6,72.9,4.9
2021-05,2021,5,2021-05-01,Yorkshire and The Humber,E12000003,171213,89.3,7225.0,288597.0,173278.0,137106.0,116220.0,170687.0,171444.0,0.1,76.5,72.7,4.9
2021-06,2021,6,2021-06-01,Yorkshire and The Humber,E12000003,184117,96.1,12697.0,305968.0,185496.0,149409.0,126382.0,184281.0,184088.0,0.1,76.4,72.6,4.9
2021-07,2021,7,2021-07-01,Yorkshire and The Humber,E12000003,169009,88.2,6580.0,285562.0,172078.0,134576.0,113375.0,168345.0,169292.0,0.1,76.6,72.9,4.8
2021-08,2021,8,2021-08-01,Yorkshire and The Humber,E12000003,174892,91.3,7770.0,296363.0,178060.0,139461.0,115708.0,174186.0,175192.0,0.1,76,72,5.2
2021-09,2021,9,2021-09-01,Yorkshire and The Humber,E12000003,183852,95.9,12331.0,306980.0,186382.0,148450.0,123425.0,183430.0,184045.0,0.1,75.7,72.1,4.7
2021-10,2021,10,2021-10-01,Yorkshire and The Humber,E12000003,173741,90.7,5880.0,299086.0,176078.0,137546.0,115104.0,173140.0,174001.0,0.1,75.6,72.4,4.2
2021-11,2021,11,2021-11-01,Yorkshire and The Humber,E12000003,179074,93.4,6999.0,306232.0,181932.0,142032.0,118818.0,178810.0,179207.0,0.1,75.4,72.5,3.8
2021-12,2021,12,2021-12-01,Yorkshire and The Humber,E12000003,180680,94.3,7645.0,306875.0,182959.0,144554.0,120067.0,180311.0,180852.0,0.1,75.7,72.6,4.1
2022-01,2022,1,2022-01-01,Yorkshire and The Humber,E12000003,182226,95.1,5843.0,310008.0,185628.0,144920.0,120099.0,181376.0,182582.0,0.25,75.4,72.3,4.2
2022-02,2022,2,2022-02-01,Yorkshire and The Humber,E12000003,183698,95.9,6799.0,311553.0,186938.0,146137.0,122702.0,183096.0,183952.0,0.25,75.7,72.4,4.4
2022-03,2022,3,2022-03-01,Yorkshire and The Humber,E12000003,183085,95.5,7111.0,311631.0,186558.0,145515.0,120602.0,182230.0,183444.0,0.5,76,72.9,4.1
2022-04,2022,4,2022-04-01,Yorkshire and The Humber,E12000003,184986,96.5,7018.0,313199.0,188171.0,147924.0,121942.0,183843.0,185463.0,0.75,76.3,72.9,4.5
2022-05,2022,5,2022-05-01,Yorkshire and The Humber,E12000003,189205,98.7,6765.0,320058.0,192683.0,151242.0,124634.0,188407.0,189540.0,0.75,77.6,74.2,4.4
2022-06,2022,6,2022-06-01,Yorkshire and The Humber,E12000003,190937,99.6,7211.0,322328.0,194343.0,152916.0,125971.0,189794.0,191415.0,1.0,77.6,74,4.6
2022-07,2022,7,2022-07-01,Yorkshire and The Humber,E12000003,194228,101.4,7577.0,326917.0,198125.0,155932.0,126888.0,193082.0,194706.0,1.25,77.2,73.6,4.6
2022-08,2022,8,2022-08-01,Yorkshire and The Humber,E12000003,195533,102.0,7673.0,329818.0,198997.0,157194.0,127458.0,194291.0,196052.0,1.25,77.2,73.9,4.3
2022-09,2022,9,2022-09-01,Yorkshire and The Humber,E12000003,196752,102.7,7744.0,331530.0,200338.0,158173.0,128406.0,195217.0,197392.0,1.75,77.8,74.3,4.5
2022-10,2022,10,2022-10-01,Yorkshire and The Humber,E12000003,197361,103.0,7402.0,333917.0,201167.0,157897.0,128971.0,196150.0,197866.0,2.25,77.3,74,4.2
2022-11,2022,11,2022-11-01,Yorkshire and The Humber,E12000003,198212,103.4,7852.0,335451.0,201851.0,158745.0,129383.0,196801.0,198800.0,2.25,77,73.7,4.4
2022-12,2022,12,2022-12-01,Yorkshire and The Humber,E12000003,197647,103.1,7192.0,333079.0,201434.0,158586.0,129407.0,196239.0,198234.0,3.0,76.5,73.3,4.1
2023-01,2023,1,2023-01-01,Yorkshire and The Humber,E12000003,191628,100.0,5112.0,325961.0,195803.0,152481.0,124373.0,190344.0,192163.0,3.5,76.5,74.1,3.1
2023-02,2023,2,2023-02-01,Yorkshire and The Humber,E12000003,191681,100.0,5012.0,327595.0,195243.0,152274.0,125306.0,190496.0,192176.0,3.5,76.6,73.7,3.7
2023-03,2023,3,2023-03-01,Yorkshire and The Humber,E12000003,187293,97.7,5879.0,319634.0,191576.0,148196.0,122692.0,185873.0,187885.0,4.0,77.1,74.1,3.9
2023-04,2023,4,2023-04-01,Yorkshire and The Humber,E12000003,190374,99.3,4355.0,326347.0,194393.0,150744.0,123939.0,189474.0,190749.0,4.25,76.6,73.8,3.7
2023-05,2023,5,2023-05-01,Yorkshire and The Humber,E12000003,189275,98.8,4536.0,320549.0,193106.0,150688.0,124522.0,187917.0,189841.0,4.25,77.9,74.8,4
2023-06,2023,6,2023-06-01,Yorkshire and The Humber,E12000003,193446,100.9,6118.0,328186.0,196898.0,154673.0,125893.0,192370.0,193895.0,4.5,76.5,73.7,3.7
2023-07,2023,7,2023-07-01,Yorkshire and The Humber,E12000003,195102,101.8,5472.0,329669.0,199694.0,155545.0,126807.0,193216.0,195890.0,5.0,76.1,73.6,3.3
2023-08,2023,8,2023-08-01,Yorkshire and The Humber,E12000003,197800,103.2,6032.0,335199.0,201460.0,158317.0,128250.0,196418.0,198376.0,5.0,76.3,74.2,2.8
2023-09,2023,9,2023-09-01,Yorkshire and The Humber,E12000003,194270,101.4,5808.0,328358.0,198283.0,155517.0,125627.0,192524.0,194999.0,5.25,76.6,74,3.3
2023-10,2023,10,2023-10-01,Yorkshire and The Humber,E12000003,195381,102.0,5717.0,329189.0,199517.0,156306.0,127306.0,193683.0,196090.0,5.25,77.2,74.5,3.4
2023-11,2023,11,2023-11-01,Yorkshire and The Humber,E12000003,193998,101.2,5652.0,328900.0,198067.0,154757.0,126058.0,192587.0,194587.0,5.25,76.4,73.7,3.5
2023-12,2023,12,2023-12-01,Yorkshire and The Humber,E12000003,192662,100.5,5446.0,324392.0,196692.0,154215.0,125584.0,190984.0,193362.0,5.25,76.9,74.2,3.5
2024-01,2024,1,2024-01-01,Yorkshire and The Humber,E12000003,191618,100.0,4272.0,324493.0,195659.0,152791.0,124981.0,189964.0,192309.0,5.25,76.3,73.5,3.7
2024-02,2024,2,2024-02-01,Yorkshire and The Humber,E12000003,191087,99.7,4734.0,320877.0,195458.0,153117.0,124087.0,189394.0,191798.0,5.25,75.9,73,3.8
2024-03,2024,3,2024-03-01,Yorkshire and The Humber,E12000003,192827,100.6,5534.0,325086.0,196850.0,153837.0,127022.0,191169.0,193519.0,5.25,75.7,72.9,3.6
2024-04,2024,4,2024-04-01,Yorkshire and The Humber,E12000003,191916,100.2,4804.0,321276.0,196011.0,153991.0,125703.0,190204.0,192635.0,5.25,75.6,72.7,3.8
2024-05,2024,5,2024-05-01,Yorkshire and The Humber,E12000003,193994,101.2,6113.0,324797.0,198469.0,155386.0,126981.0,192269.0,194719.0,5.25,75.1,72.6,3.4
2024-06,2024,6,2024-06-01,Yorkshire and The Humber,E12000003,197974,103.3,6120.0,329564.0,201609.0,160026.0,129460.0,196117.0,198761.0,5.25,75.1,72.3,3.7
2024-07,2024,7,2024-07-01,Yorkshire and The Humber,E12000003,197976,103.3,6613.0,329511.0,202320.0,159929.0,127985.0,195634.0,199002.0,5.25,75.3,72.4,3.7
2024-08,2024,8,2024-08-01,Yorkshire and The Humber,E12000003,201974,105.4,6997.0,336713.0,205944.0,163390.0,130544.0,199749.0,202939.0,5.0,74.9,72.2,3.6
2024-09,2024,9,2024-09-01,Yorkshire and The Humber,E12000003,198849,103.8,6214.0,333579.0,203308.0,159913.0,127955.0,196678.0,199790.0,5.0,74.8,72.1,3.6
2024-10,2024,10,2024-10-01,Yorkshire and The Humber,E12000003,199913,104.3,7428.0,335766.0,203934.0,160787.0,129383.0,197964.0,200744.0,5.0,74.9,72.2,3.6
2024-11,2024,11,2024-11-01,Yorkshire and The Humber,E12000003,201710,105.3,7213.0,337645.0,206817.0,162155.0,129180.0,199724.0,202557.0,5.0,75.2,72,4.2
2024-12,2024,12,2024-12-01,Yorkshire and The Humber,E12000003,201791,105.3,7014.0,340234.0,205932.0,162449.0,128703.0,199571.0,202754.0,4.75,75.3,72.2,4.1
2025-01,2025,1,2025-01-01,Yorkshire and The Humber,E12000003,200501,104.6,5296.0,337760.0,205419.0,161164.0,126862.0,198090.0,201558.0,4.75,75.6,72.6,4
2025-02,2025,2,2025-02-01,Yorkshire and The Humber,E12000003,201403,105.1,6238.0,336747.0,206171.0,162634.0,128334.0,198716.0,202583.0,4.75,76.2,72.8,4.4
2025-03,2025,3,2025-03-01,Yorkshire and The Humber,E12000003,208152,108.6,10533.0,342189.0,212847.0,169292.0,135814.0,205572.0,209284.0,4.5,76,72.2,5
2025-04,2025,4,2025-04-01,Yorkshire and The Humber,E12000003,194026,101.3,3445.0,330937.0,199678.0,154162.0,121460.0,191284.0,195231.0,4.5,75.7,72.1,4.8
2025-05,2025,5,2025-05-01,Yorkshire and The Humber,E12000003,199922,104.3,5331.0,336603.0,205068.0,160901.0,125523.0,196706.0,201338.0,4.5,75.9,72.1,5
2025-06,2025,6,2025-06-01,Yorkshire and The Humber,E12000003,200280,104.5,6292.0,336899.0,205810.0,160858.0,125996.0,197745.0,201393.0,4.25,76.2,72.4,5
2025-07,2025,7,2025-07-01,Yorkshire and The Humber,E12000003,202757,105.8,6507.0,338844.0,208356.0,163564.0,127790.0,199587.0,204153.0,4.25,76.5,72.7,5.1
2025-08,2025,8,2025-08-01,Yorkshire and The Humber,E12000003,205874,107.4,6356.0,344375.0,211969.0,166191.0,128131.0,202566.0,207331.0,4.25,76.5,72.4,5.3
2025-09,2025,9,2025-09-01,Yorkshire and The Humber,E12000003,205658,107.3,5764.0,346257.0,211367.0,165745.0,127498.0,202878.0,206879.0,4.0,76.9,72.6,5.6
2025-10,2025,10,2025-10-01,Yorkshire and The Humber,E12000003,206850,107.9,6430.0,346766.0,213289.0,166818.0,127665.0,203484.0,208333.0,4.0,76.6,72.2,5.7
2025-11,2025,11,2025-11-01,Yorkshire and The Humber,E12000003,209583,109.4,5570.0,351658.0,215617.0,169277.0,129589.0,206262.0,211045.0,4.0,77.5,72.9,5.9
2025-12,2025,12,2025-12-01,Yorkshire and The Humber,E12000003,206868,108.0,5038.0,345530.0,213196.0,167183.0,128237.0,203481.0,208360.0,4.0,77.6,73,5.9
2026-01,2026,1,2026-01-01,Yorkshire and The Humber,E12000003,206137,107.6,3652.0,342466.0,212614.0,167459.0,126874.0,203097.0,207474.0,3.75,78,73.3,6
2026-02,2026,2,2026-02-01,Yorkshire and The Humber,E12000003,209669,109.4,4069.0,350392.0,216340.0,169629.0,128522.0,206114.0,211223.0,3.75,77,72.6,5.7
2026-03,2026,3,2026-03-01,Yorkshire and The Humber,E12000003,207433,108.2,,346062.0,214595.0,168071.0,125586.0,203581.0,209109.0,3.75,77.3,72.6,6.2
2026-04,2026,4,2026-04-01,Yorkshire and The Humber,E12000003,207974,108.5,,347295.0,214700.0,168192.0,127668.0,204574.0,209462.0,3.75,77.3,72.7,6
